4048;Эротическая одежда;Купальники;Купальник Келли, D2U;"Белый цвет – синоним чистоты, свежести и простоты. Однако белый купальник такой модели совсем не выглядит скучным и невинным, в нем тщательно сбалансирована сексуальная энергия и красивый модный образ. Он подойдет для тех, кто желает носить микробикини, но не хочет выбирать слишком экстремальные модели.  Купальник  Келли  сделан из высококачественной итальянской ткани. Трусики и топ купальника не имеют внутренних тканевых вставок и при намокании могут просвечиваться. Степень прозрачности зависит от цвета ткани. Размер: S, ширина чашки 7 см.  S, ширина чашки 11 см.  М, ширина чашки 11 см.  Цвет: зеленый лимон/черный (кант), сирень/белый (кант), черный/черный (кант).  Состав: 20% спандекс, 80% нейлон.    aID: 5007 Цвет: желтый/фиолетовый 	Размер: M, ширина чашки 11 см. aID: 5008 Цвет: желтый/фиолетовый 	Размер: S, ширина чашки 11 см. aID: 5009 Цвет: желтый/фиолетовый 	Размер: L,ширина чашки 11 см. aID: 5010 Цвет: черный Размер: М, ширина чашки 9 см. aID: 4237 Цвет: зеленый лимон/черный Размер: M, ширина чашки 11 см. aID: 5188 Цвет: розовый Голливуд/белый Размер: S, ширина чашки 11 см. aID: 4239 Цвет: сирень/белый Размер: S, ширина чашки 11 см. aID: 4238 Цвет: черный Размер: S, ширина чашки 7 см. aID: 5011 Цвет: черный Размер: L,ширина чашки 11 см.";DressToUndress;N7-D2U;2500.00;1250.00;0;0;3;S;сиреневый с белым;4239;;;;73;http://feed.p5s.ru/images/small/0/small_4048.jpg;http://feed.p5s.ru/images/big/0/4048.jpg;http://feed.p5s.ru/images/big/0/4048-1.jpg;http://feed.p5s.ru/images/big/0/4048-2.jpg;;;
4048;Эротическая одежда;Купальники;Купальник Келли, D2U;"Белый цвет – синоним чистоты, свежести и простоты. Однако белый купальник такой модели совсем не выглядит скучным и невинным, в нем тщательно сбалансирована сексуальная энергия и красивый модный образ. Он подойдет для тех, кто желает носить микробикини, но не хочет выбирать слишком экстремальные модели.  Купальник  Келли  сделан из высококачественной итальянской ткани. Трусики и топ купальника не имеют внутренних тканевых вставок и при намокании могут просвечиваться. Степень прозрачности зависит от цвета ткани. Размер: S, ширина чашки 7 см.  S, ширина чашки 11 см.  М, ширина чашки 11 см.  Цвет: зеленый лимон/черный (кант), сирень/белый (кант), черный/черный (кант).  Состав: 20% спандекс, 80% нейлон.    aID: 5007 Цвет: желтый/фиолетовый 	Размер: M, ширина чашки 11 см. aID: 5008 Цвет: желтый/фиолетовый 	Размер: S, ширина чашки 11 см. aID: 5009 Цвет: желтый/фиолетовый 	Размер: L,ширина чашки 11 см. aID: 5010 Цвет: черный Размер: М, ширина чашки 9 см. aID: 4237 Цвет: зеленый лимон/черный Размер: M, ширина чашки 11 см. aID: 5188 Цвет: розовый Голливуд/белый Размер: S, ширина чашки 11 см. aID: 4239 Цвет: сирень/белый Размер: S, ширина чашки 11 см. aID: 4238 Цвет: черный Размер: S, ширина чашки 7 см. aID: 5011 Цвет: черный Размер: L,ширина чашки 11 см.";DressToUndress;N7-D2U;2500.00;1250.00;0;0;3;M;желтый/фиолетовый;5007;;;;73;http://feed.p5s.ru/images/small/0/small_4048.jpg;http://feed.p5s.ru/images/big/0/4048.jpg;http://feed.p5s.ru/images/big/0/4048-1.jpg;http://feed.p5s.ru/images/big/0/4048-2.jpg;;;
4048;Эротическая одежда;Купальники;Купальник Келли, D2U;"Белый цвет – синоним чистоты, свежести и простоты. Однако белый купальник такой модели совсем не выглядит скучным и невинным, в нем тщательно сбалансирована сексуальная энергия и красивый модный образ. Он подойдет для тех, кто желает носить микробикини, но не хочет выбирать слишком экстремальные модели.  Купальник  Келли  сделан из высококачественной итальянской ткани. Трусики и топ купальника не имеют внутренних тканевых вставок и при намокании могут просвечиваться. Степень прозрачности зависит от цвета ткани. Размер: S, ширина чашки 7 см.  S, ширина чашки 11 см.  М, ширина чашки 11 см.  Цвет: зеленый лимон/черный (кант), сирень/белый (кант), черный/черный (кант).  Состав: 20% спандекс, 80% нейлон.    aID: 5007 Цвет: желтый/фиолетовый 	Размер: M, ширина чашки 11 см. aID: 5008 Цвет: желтый/фиолетовый 	Размер: S, ширина чашки 11 см. aID: 5009 Цвет: желтый/фиолетовый 	Размер: L,ширина чашки 11 см. aID: 5010 Цвет: черный Размер: М, ширина чашки 9 см. aID: 4237 Цвет: зеленый лимон/черный Размер: M, ширина чашки 11 см. aID: 5188 Цвет: розовый Голливуд/белый Размер: S, ширина чашки 11 см. aID: 4239 Цвет: сирень/белый Размер: S, ширина чашки 11 см. aID: 4238 Цвет: черный Размер: S, ширина чашки 7 см. aID: 5011 Цвет: черный Размер: L,ширина чашки 11 см.";DressToUndress;N7-D2U;2500.00;1250.00;0;0;3;S;желтый/фиолетовый;5008;;;;73;http://feed.p5s.ru/images/small/0/small_4048.jpg;http://feed.p5s.ru/images/big/0/4048.jpg;http://feed.p5s.ru/images/big/0/4048-1.jpg;http://feed.p5s.ru/images/big/0/4048-2.jpg;;;
4048;Эротическая одежда;Купальники;Купальник Келли, D2U;"Белый цвет – синоним чистоты, свежести и простоты. Однако белый купальник такой модели совсем не выглядит скучным и невинным, в нем тщательно сбалансирована сексуальная энергия и красивый модный образ. Он подойдет для тех, кто желает носить микробикини, но не хочет выбирать слишком экстремальные модели.  Купальник  Келли  сделан из высококачественной итальянской ткани. Трусики и топ купальника не имеют внутренних тканевых вставок и при намокании могут просвечиваться. Степень прозрачности зависит от цвета ткани. Размер: S, ширина чашки 7 см.  S, ширина чашки 11 см.  М, ширина чашки 11 см.  Цвет: зеленый лимон/черный (кант), сирень/белый (кант), черный/черный (кант).  Состав: 20% спандекс, 80% нейлон.    aID: 5007 Цвет: желтый/фиолетовый 	Размер: M, ширина чашки 11 см. aID: 5008 Цвет: желтый/фиолетовый 	Размер: S, ширина чашки 11 см. aID: 5009 Цвет: желтый/фиолетовый 	Размер: L,ширина чашки 11 см. aID: 5010 Цвет: черный Размер: М, ширина чашки 9 см. aID: 4237 Цвет: зеленый лимон/черный Размер: M, ширина чашки 11 см. aID: 5188 Цвет: розовый Голливуд/белый Размер: S, ширина чашки 11 см. aID: 4239 Цвет: сирень/белый Размер: S, ширина чашки 11 см. aID: 4238 Цвет: черный Размер: S, ширина чашки 7 см. aID: 5011 Цвет: черный Размер: L,ширина чашки 11 см.";DressToUndress;N7-D2U;2500.00;1250.00;0;0;3;L;желтый/фиолетовый;5009;;;;73;http://feed.p5s.ru/images/small/0/small_4048.jpg;http://feed.p5s.ru/images/big/0/4048.jpg;http://feed.p5s.ru/images/big/0/4048-1.jpg;http://feed.p5s.ru/images/big/0/4048-2.jpg;;;
4048;Эротическая одежда;Купальники;Купальник Келли, D2U;"Белый цвет – синоним чистоты, свежести и простоты. Однако белый купальник такой модели совсем не выглядит скучным и невинным, в нем тщательно сбалансирована сексуальная энергия и красивый модный образ. Он подойдет для тех, кто желает носить микробикини, но не хочет выбирать слишком экстремальные модели.  Купальник  Келли  сделан из высококачественной итальянской ткани. Трусики и топ купальника не имеют внутренних тканевых вставок и при намокании могут просвечиваться. Степень прозрачности зависит от цвета ткани. Размер: S, ширина чашки 7 см.  S, ширина чашки 11 см.  М, ширина чашки 11 см.  Цвет: зеленый лимон/черный (кант), сирень/белый (кант), черный/черный (кант).  Состав: 20% спандекс, 80% нейлон.    aID: 5007 Цвет: желтый/фиолетовый 	Размер: M, ширина чашки 11 см. aID: 5008 Цвет: желтый/фиолетовый 	Размер: S, ширина чашки 11 см. aID: 5009 Цвет: желтый/фиолетовый 	Размер: L,ширина чашки 11 см. aID: 5010 Цвет: черный Размер: М, ширина чашки 9 см. aID: 4237 Цвет: зеленый лимон/черный Размер: M, ширина чашки 11 см. aID: 5188 Цвет: розовый Голливуд/белый Размер: S, ширина чашки 11 см. aID: 4239 Цвет: сирень/белый Размер: S, ширина чашки 11 см. aID: 4238 Цвет: черный Размер: S, ширина чашки 7 см. aID: 5011 Цвет: черный Размер: L,ширина чашки 11 см.";DressToUndress;N7-D2U;2500.00;1250.00;0;0;3;L;черный;5011;;;;73;http://feed.p5s.ru/images/small/0/small_4048.jpg;http://feed.p5s.ru/images/big/0/4048.jpg;http://feed.p5s.ru/images/big/0/4048-1.jpg;http://feed.p5s.ru/images/big/0/4048-2.jpg;;;
4048;Эротическая одежда;Купальники;Купальник Келли, D2U;"Белый цвет – синоним чистоты, свежести и простоты. Однако белый купальник такой модели совсем не выглядит скучным и невинным, в нем тщательно сбалансирована сексуальная энергия и красивый модный образ. Он подойдет для тех, кто желает носить микробикини, но не хочет выбирать слишком экстремальные модели.  Купальник  Келли  сделан из высококачественной итальянской ткани. Трусики и топ купальника не имеют внутренних тканевых вставок и при намокании могут просвечиваться. Степень прозрачности зависит от цвета ткани. Размер: S, ширина чашки 7 см.  S, ширина чашки 11 см.  М, ширина чашки 11 см.  Цвет: зеленый лимон/черный (кант), сирень/белый (кант), черный/черный (кант).  Состав: 20% спандекс, 80% нейлон.    aID: 5007 Цвет: желтый/фиолетовый 	Размер: M, ширина чашки 11 см. aID: 5008 Цвет: желтый/фиолетовый 	Размер: S, ширина чашки 11 см. aID: 5009 Цвет: желтый/фиолетовый 	Размер: L,ширина чашки 11 см. aID: 5010 Цвет: черный Размер: М, ширина чашки 9 см. aID: 4237 Цвет: зеленый лимон/черный Размер: M, ширина чашки 11 см. aID: 5188 Цвет: розовый Голливуд/белый Размер: S, ширина чашки 11 см. aID: 4239 Цвет: сирень/белый Размер: S, ширина чашки 11 см. aID: 4238 Цвет: черный Размер: S, ширина чашки 7 см. aID: 5011 Цвет: черный Размер: L,ширина чашки 11 см.";DressToUndress;N7-D2U;2500.00;1250.00;0;0;3;S;розовый с белым;5188;;;;73;http://feed.p5s.ru/images/small/0/small_4048.jpg;http://feed.p5s.ru/images/big/0/4048.jpg;http://feed.p5s.ru/images/big/0/4048-1.jpg;http://feed.p5s.ru/images/big/0/4048-2.jpg;;;
4051;Эротическая одежда;Купальники;Купальник  Джейн, D2U (цветной);Стиль милитари – один из трендов сезона, даже для купальников. Именно поэтому микробикини расцветки «камуфляж» выглядит особенно актуально. Это эротика, которая сочетается с силой и уверенностью, но при этом остается очень женственной.  Яркие, стильные, модные купальники высочайшего качества Вы сможете оценить  со всех сторон и в разных цветах. Если у вас небольшая грудь, то мы рекомендуем размер треугольников топа 7-9 см., максимум-11см.  Девушкам с большой грудью рекомендуем размер топа от 13 см. Однако выбор за Вами! Современные тенденции моды диктуют новые правила:  размер зависит от того насколько вы хотите прикрыть грудь или наоборот: насколько хотите открыть ее. У нас нет повторяющихся моделей и ассортимент насчитывает тысячи вариантов купальников. Размер:  S, ширина чашки 15 см, мини шортики.  Цвет:  зеленый камуфляж, розовый камуфляж.  Состав:  20% спандекс, 80% нейлон.  aID: 4244 Цвет: зеленый камуфляж Размер: S, ширина чашки 15 см., мини шортики aID: 4246 Цвет: розовый камуфляж Размер: M, ширина чашки 13 см., мини шортики;DressToUndress;N4-D2U;2450.00;1041.25;0;0;3;S;зеленый;4244;;;;;http://feed.p5s.ru/images/small/0/small_4051.jpg;http://feed.p5s.ru/images/big/0/4051.jpg;http://feed.p5s.ru/images/big/0/4051-1.jpg;http://feed.p5s.ru/images/big/0/4051-2.jpg;;;
4051;Эротическая одежда;Купальники;Купальник  Джейн, D2U (цветной);Стиль милитари – один из трендов сезона, даже для купальников. Именно поэтому микробикини расцветки «камуфляж» выглядит особенно актуально. Это эротика, которая сочетается с силой и уверенностью, но при этом остается очень женственной.  Яркие, стильные, модные купальники высочайшего качества Вы сможете оценить  со всех сторон и в разных цветах. Если у вас небольшая грудь, то мы рекомендуем размер треугольников топа 7-9 см., максимум-11см.  Девушкам с большой грудью рекомендуем размер топа от 13 см. Однако выбор за Вами! Современные тенденции моды диктуют новые правила:  размер зависит от того насколько вы хотите прикрыть грудь или наоборот: насколько хотите открыть ее. У нас нет повторяющихся моделей и ассортимент насчитывает тысячи вариантов купальников. Размер:  S, ширина чашки 15 см, мини шортики.  Цвет:  зеленый камуфляж, розовый камуфляж.  Состав:  20% спандекс, 80% нейлон.  aID: 4244 Цвет: зеленый камуфляж Размер: S, ширина чашки 15 см., мини шортики aID: 4246 Цвет: розовый камуфляж Размер: M, ширина чашки 13 см., мини шортики;DressToUndress;N4-D2U;2450.00;1041.25;0;0;3;M;розовый;4246;;;;;http://feed.p5s.ru/images/small/0/small_4051.jpg;http://feed.p5s.ru/images/big/0/4051.jpg;http://feed.p5s.ru/images/big/0/4051-1.jpg;http://feed.p5s.ru/images/big/0/4051-2.jpg;;;
4058;Эротическая одежда;Купальники;Купальник Марго (однотонный) D2U;Эта модель – прекрасный вариант для девушек, которым есть что показать. Аккуратный лиф с перекрещивающимися лямками и такие сексуальные трусики-стринг... Да, точёная фигурка, едва прикрытая купальником яркой расцветки, как магнитом притянет все мужские взгляды (как и женские, впрочем, правда, другого характера). Размер: S, ширина чашки 11 см, стиль трусиков-Бразильский  М, ширина чашки 13 см, трусики-стринг  S, ширина чашки 15 см, трусики-треугольник.  Цвет: шоколад/шоколад (кант)  белый-золотые полоски/белый (кант)  горячий розовый/горячий розовый (кант)  Состав: 20% спандекс, 80% нейлон.   aID: 5012: Размер: М, ширина чашки 11 см., стиль трусиков бразильский, Цвет: шоколад aID: 5194 Цвет: белый Размер: M, ширина чашки 13 см., трусики-стринг aID: 4264 Цвет: белый-золотые полоски/белый Размер: M, ширина чашки 13 см., трусики-стринг aID: 4726 Цвет: горячий розовый Размер: M, ширина чашки 13 см., трусики-стринг aID: 4265 Цвет: горячий розовый Размер: S, ширина чашки 15 см., трусики-треугольник aID: 5012 Цвет: шоколад Размер: M aID: 4262 Цвет: шоколад Размер: S, ширина чашки 11 см., стиль трусиков-бразильский aID: 5016 Цвет: шоколад Размер: L, ширина чашки 11 см., стиль трусиков бразильский;DressToUndress;N9-D2U;2350.00;1175.00;0;0;3;S;шоколад;4262;;;;;http://feed.p5s.ru/images/small/0/small_4058.jpg;http://feed.p5s.ru/images/big/0/4058.jpg;http://feed.p5s.ru/images/big/0/4058-1.jpg;http://feed.p5s.ru/images/big/0/4058-2.jpg;;;
4058;Эротическая одежда;Купальники;Купальник Марго (однотонный) D2U;Эта модель – прекрасный вариант для девушек, которым есть что показать. Аккуратный лиф с перекрещивающимися лямками и такие сексуальные трусики-стринг... Да, точёная фигурка, едва прикрытая купальником яркой расцветки, как магнитом притянет все мужские взгляды (как и женские, впрочем, правда, другого характера). Размер: S, ширина чашки 11 см, стиль трусиков-Бразильский  М, ширина чашки 13 см, трусики-стринг  S, ширина чашки 15 см, трусики-треугольник.  Цвет: шоколад/шоколад (кант)  белый-золотые полоски/белый (кант)  горячий розовый/горячий розовый (кант)  Состав: 20% спандекс, 80% нейлон.   aID: 5012: Размер: М, ширина чашки 11 см., стиль трусиков бразильский, Цвет: шоколад aID: 5194 Цвет: белый Размер: M, ширина чашки 13 см., трусики-стринг aID: 4264 Цвет: белый-золотые полоски/белый Размер: M, ширина чашки 13 см., трусики-стринг aID: 4726 Цвет: горячий розовый Размер: M, ширина чашки 13 см., трусики-стринг aID: 4265 Цвет: горячий розовый Размер: S, ширина чашки 15 см., трусики-треугольник aID: 5012 Цвет: шоколад Размер: M aID: 4262 Цвет: шоколад Размер: S, ширина чашки 11 см., стиль трусиков-бразильский aID: 5016 Цвет: шоколад Размер: L, ширина чашки 11 см., стиль трусиков бразильский;DressToUndress;N9-D2U;2350.00;1175.00;0;0;3;M;белый с золотым;4264;;;;;http://feed.p5s.ru/images/small/0/small_4058.jpg;http://feed.p5s.ru/images/big/0/4058.jpg;http://feed.p5s.ru/images/big/0/4058-1.jpg;http://feed.p5s.ru/images/big/0/4058-2.jpg;;;
4058;Эротическая одежда;Купальники;Купальник Марго (однотонный) D2U;Эта модель – прекрасный вариант для девушек, которым есть что показать. Аккуратный лиф с перекрещивающимися лямками и такие сексуальные трусики-стринг... Да, точёная фигурка, едва прикрытая купальником яркой расцветки, как магнитом притянет все мужские взгляды (как и женские, впрочем, правда, другого характера). Размер: S, ширина чашки 11 см, стиль трусиков-Бразильский  М, ширина чашки 13 см, трусики-стринг  S, ширина чашки 15 см, трусики-треугольник.  Цвет: шоколад/шоколад (кант)  белый-золотые полоски/белый (кант)  горячий розовый/горячий розовый (кант)  Состав: 20% спандекс, 80% нейлон.   aID: 5012: Размер: М, ширина чашки 11 см., стиль трусиков бразильский, Цвет: шоколад aID: 5194 Цвет: белый Размер: M, ширина чашки 13 см., трусики-стринг aID: 4264 Цвет: белый-золотые полоски/белый Размер: M, ширина чашки 13 см., трусики-стринг aID: 4726 Цвет: горячий розовый Размер: M, ширина чашки 13 см., трусики-стринг aID: 4265 Цвет: горячий розовый Размер: S, ширина чашки 15 см., трусики-треугольник aID: 5012 Цвет: шоколад Размер: M aID: 4262 Цвет: шоколад Размер: S, ширина чашки 11 см., стиль трусиков-бразильский aID: 5016 Цвет: шоколад Размер: L, ширина чашки 11 см., стиль трусиков бразильский;DressToUndress;N9-D2U;2350.00;1175.00;0;0;3;S;ярко-розовый;4265;;;;;http://feed.p5s.ru/images/small/0/small_4058.jpg;http://feed.p5s.ru/images/big/0/4058.jpg;http://feed.p5s.ru/images/big/0/4058-1.jpg;http://feed.p5s.ru/images/big/0/4058-2.jpg;;;
4058;Эротическая одежда;Купальники;Купальник Марго (однотонный) D2U;Эта модель – прекрасный вариант для девушек, которым есть что показать. Аккуратный лиф с перекрещивающимися лямками и такие сексуальные трусики-стринг... Да, точёная фигурка, едва прикрытая купальником яркой расцветки, как магнитом притянет все мужские взгляды (как и женские, впрочем, правда, другого характера). Размер: S, ширина чашки 11 см, стиль трусиков-Бразильский  М, ширина чашки 13 см, трусики-стринг  S, ширина чашки 15 см, трусики-треугольник.  Цвет: шоколад/шоколад (кант)  белый-золотые полоски/белый (кант)  горячий розовый/горячий розовый (кант)  Состав: 20% спандекс, 80% нейлон.   aID: 5012: Размер: М, ширина чашки 11 см., стиль трусиков бразильский, Цвет: шоколад aID: 5194 Цвет: белый Размер: M, ширина чашки 13 см., трусики-стринг aID: 4264 Цвет: белый-золотые полоски/белый Размер: M, ширина чашки 13 см., трусики-стринг aID: 4726 Цвет: горячий розовый Размер: M, ширина чашки 13 см., трусики-стринг aID: 4265 Цвет: горячий розовый Размер: S, ширина чашки 15 см., трусики-треугольник aID: 5012 Цвет: шоколад Размер: M aID: 4262 Цвет: шоколад Размер: S, ширина чашки 11 см., стиль трусиков-бразильский aID: 5016 Цвет: шоколад Размер: L, ширина чашки 11 см., стиль трусиков бразильский;DressToUndress;N9-D2U;2350.00;1175.00;0;0;3;M;ярко-розовый;4726;;;;;http://feed.p5s.ru/images/small/0/small_4058.jpg;http://feed.p5s.ru/images/big/0/4058.jpg;http://feed.p5s.ru/images/big/0/4058-1.jpg;http://feed.p5s.ru/images/big/0/4058-2.jpg;;;
4058;Эротическая одежда;Купальники;Купальник Марго (однотонный) D2U;Эта модель – прекрасный вариант для девушек, которым есть что показать. Аккуратный лиф с перекрещивающимися лямками и такие сексуальные трусики-стринг... Да, точёная фигурка, едва прикрытая купальником яркой расцветки, как магнитом притянет все мужские взгляды (как и женские, впрочем, правда, другого характера). Размер: S, ширина чашки 11 см, стиль трусиков-Бразильский  М, ширина чашки 13 см, трусики-стринг  S, ширина чашки 15 см, трусики-треугольник.  Цвет: шоколад/шоколад (кант)  белый-золотые полоски/белый (кант)  горячий розовый/горячий розовый (кант)  Состав: 20% спандекс, 80% нейлон.   aID: 5012: Размер: М, ширина чашки 11 см., стиль трусиков бразильский, Цвет: шоколад aID: 5194 Цвет: белый Размер: M, ширина чашки 13 см., трусики-стринг aID: 4264 Цвет: белый-золотые полоски/белый Размер: M, ширина чашки 13 см., трусики-стринг aID: 4726 Цвет: горячий розовый Размер: M, ширина чашки 13 см., трусики-стринг aID: 4265 Цвет: горячий розовый Размер: S, ширина чашки 15 см., трусики-треугольник aID: 5012 Цвет: шоколад Размер: M aID: 4262 Цвет: шоколад Размер: S, ширина чашки 11 см., стиль трусиков-бразильский aID: 5016 Цвет: шоколад Размер: L, ширина чашки 11 см., стиль трусиков бразильский;DressToUndress;N9-D2U;2350.00;1175.00;0;0;3;L;шоколад;5016;;;;;http://feed.p5s.ru/images/small/0/small_4058.jpg;http://feed.p5s.ru/images/big/0/4058.jpg;http://feed.p5s.ru/images/big/0/4058-1.jpg;http://feed.p5s.ru/images/big/0/4058-2.jpg;;;
4058;Эротическая одежда;Купальники;Купальник Марго (однотонный) D2U;Эта модель – прекрасный вариант для девушек, которым есть что показать. Аккуратный лиф с перекрещивающимися лямками и такие сексуальные трусики-стринг... Да, точёная фигурка, едва прикрытая купальником яркой расцветки, как магнитом притянет все мужские взгляды (как и женские, впрочем, правда, другого характера). Размер: S, ширина чашки 11 см, стиль трусиков-Бразильский  М, ширина чашки 13 см, трусики-стринг  S, ширина чашки 15 см, трусики-треугольник.  Цвет: шоколад/шоколад (кант)  белый-золотые полоски/белый (кант)  горячий розовый/горячий розовый (кант)  Состав: 20% спандекс, 80% нейлон.   aID: 5012: Размер: М, ширина чашки 11 см., стиль трусиков бразильский, Цвет: шоколад aID: 5194 Цвет: белый Размер: M, ширина чашки 13 см., трусики-стринг aID: 4264 Цвет: белый-золотые полоски/белый Размер: M, ширина чашки 13 см., трусики-стринг aID: 4726 Цвет: горячий розовый Размер: M, ширина чашки 13 см., трусики-стринг aID: 4265 Цвет: горячий розовый Размер: S, ширина чашки 15 см., трусики-треугольник aID: 5012 Цвет: шоколад Размер: M aID: 4262 Цвет: шоколад Размер: S, ширина чашки 11 см., стиль трусиков-бразильский aID: 5016 Цвет: шоколад Размер: L, ширина чашки 11 см., стиль трусиков бразильский;DressToUndress;N9-D2U;2350.00;1175.00;0;0;3;M;белый;5194;;;;;http://feed.p5s.ru/images/small/0/small_4058.jpg;http://feed.p5s.ru/images/big/0/4058.jpg;http://feed.p5s.ru/images/big/0/4058-1.jpg;http://feed.p5s.ru/images/big/0/4058-2.jpg;;;
4064;Эротическая одежда;Купальники;Купальник  Бритни  D2U;Красивая девушка с шикарной фигурой в облачении этого полупрозрачного купальника «Бритни» – главное украшение любой пляжной тусовки. Узенькие чашечки лифа, соединенные колечком, не скрывают очаровательных округлостей, а низкие трусики-бикини с аккуратным ремешком так сексуально обтягивают бедра и попку. Размер: M, ширина чашки 21 см.  S, ширина чашки 13 см.   L, ширина чашки 17 см.  Цвет: аква/аква (кант), белый/белый (кант), фуксия/черный (кант).  Состав: 20% спандекс, 80% нейлон.  aID: 4275 Цвет: аква Размер: M, ширина чашки 21 см. aID: 5018 Цвет: аква Размер: S, ширина чашки 21 см aID: 5019 Цвет: аква Размер: L, ширина чашки 21 см. aID: 5022 Цвет: белый Размер: M, ширина чашки 13 см. aID: 5027 Цвет: белый Размер: L, ширина чашки 13 см. aID: 4277 Цвет: белый Размер: S, ширина чашки 13 см. aID: 4727 Цвет: лазурный Размер: L, ширина чашки 17 см. aID: 4278 Цвет: фуксия/черный Размер: L, ширина чашки 17 см.;DressToUndress;N2-D2U;2400.00;1200.00;0;0;3;M;аква;4275;;;;;http://feed.p5s.ru/images/small/0/small_4064.jpg;http://feed.p5s.ru/images/big/0/4064.jpg;http://feed.p5s.ru/images/big/0/4064-1.jpg;;;;
4064;Эротическая одежда;Купальники;Купальник  Бритни  D2U;Красивая девушка с шикарной фигурой в облачении этого полупрозрачного купальника «Бритни» – главное украшение любой пляжной тусовки. Узенькие чашечки лифа, соединенные колечком, не скрывают очаровательных округлостей, а низкие трусики-бикини с аккуратным ремешком так сексуально обтягивают бедра и попку. Размер: M, ширина чашки 21 см.  S, ширина чашки 13 см.   L, ширина чашки 17 см.  Цвет: аква/аква (кант), белый/белый (кант), фуксия/черный (кант).  Состав: 20% спандекс, 80% нейлон.  aID: 4275 Цвет: аква Размер: M, ширина чашки 21 см. aID: 5018 Цвет: аква Размер: S, ширина чашки 21 см aID: 5019 Цвет: аква Размер: L, ширина чашки 21 см. aID: 5022 Цвет: белый Размер: M, ширина чашки 13 см. aID: 5027 Цвет: белый Размер: L, ширина чашки 13 см. aID: 4277 Цвет: белый Размер: S, ширина чашки 13 см. aID: 4727 Цвет: лазурный Размер: L, ширина чашки 17 см. aID: 4278 Цвет: фуксия/черный Размер: L, ширина чашки 17 см.;DressToUndress;N2-D2U;2400.00;1200.00;0;0;3;S;белый;4277;;;;;http://feed.p5s.ru/images/small/0/small_4064.jpg;http://feed.p5s.ru/images/big/0/4064.jpg;http://feed.p5s.ru/images/big/0/4064-1.jpg;;;;
4064;Эротическая одежда;Купальники;Купальник  Бритни  D2U;Красивая девушка с шикарной фигурой в облачении этого полупрозрачного купальника «Бритни» – главное украшение любой пляжной тусовки. Узенькие чашечки лифа, соединенные колечком, не скрывают очаровательных округлостей, а низкие трусики-бикини с аккуратным ремешком так сексуально обтягивают бедра и попку. Размер: M, ширина чашки 21 см.  S, ширина чашки 13 см.   L, ширина чашки 17 см.  Цвет: аква/аква (кант), белый/белый (кант), фуксия/черный (кант).  Состав: 20% спандекс, 80% нейлон.  aID: 4275 Цвет: аква Размер: M, ширина чашки 21 см. aID: 5018 Цвет: аква Размер: S, ширина чашки 21 см aID: 5019 Цвет: аква Размер: L, ширина чашки 21 см. aID: 5022 Цвет: белый Размер: M, ширина чашки 13 см. aID: 5027 Цвет: белый Размер: L, ширина чашки 13 см. aID: 4277 Цвет: белый Размер: S, ширина чашки 13 см. aID: 4727 Цвет: лазурный Размер: L, ширина чашки 17 см. aID: 4278 Цвет: фуксия/черный Размер: L, ширина чашки 17 см.;DressToUndress;N2-D2U;2400.00;1200.00;0;0;3;L;фуксия/черный;4278;;;;;http://feed.p5s.ru/images/small/0/small_4064.jpg;http://feed.p5s.ru/images/big/0/4064.jpg;http://feed.p5s.ru/images/big/0/4064-1.jpg;;;;
4064;Эротическая одежда;Купальники;Купальник  Бритни  D2U;Красивая девушка с шикарной фигурой в облачении этого полупрозрачного купальника «Бритни» – главное украшение любой пляжной тусовки. Узенькие чашечки лифа, соединенные колечком, не скрывают очаровательных округлостей, а низкие трусики-бикини с аккуратным ремешком так сексуально обтягивают бедра и попку. Размер: M, ширина чашки 21 см.  S, ширина чашки 13 см.   L, ширина чашки 17 см.  Цвет: аква/аква (кант), белый/белый (кант), фуксия/черный (кант).  Состав: 20% спандекс, 80% нейлон.  aID: 4275 Цвет: аква Размер: M, ширина чашки 21 см. aID: 5018 Цвет: аква Размер: S, ширина чашки 21 см aID: 5019 Цвет: аква Размер: L, ширина чашки 21 см. aID: 5022 Цвет: белый Размер: M, ширина чашки 13 см. aID: 5027 Цвет: белый Размер: L, ширина чашки 13 см. aID: 4277 Цвет: белый Размер: S, ширина чашки 13 см. aID: 4727 Цвет: лазурный Размер: L, ширина чашки 17 см. aID: 4278 Цвет: фуксия/черный Размер: L, ширина чашки 17 см.;DressToUndress;N2-D2U;2400.00;1200.00;0;0;3;L;лазурный;4727;;;;;http://feed.p5s.ru/images/small/0/small_4064.jpg;http://feed.p5s.ru/images/big/0/4064.jpg;http://feed.p5s.ru/images/big/0/4064-1.jpg;;;;
4064;Эротическая одежда;Купальники;Купальник  Бритни  D2U;Красивая девушка с шикарной фигурой в облачении этого полупрозрачного купальника «Бритни» – главное украшение любой пляжной тусовки. Узенькие чашечки лифа, соединенные колечком, не скрывают очаровательных округлостей, а низкие трусики-бикини с аккуратным ремешком так сексуально обтягивают бедра и попку. Размер: M, ширина чашки 21 см.  S, ширина чашки 13 см.   L, ширина чашки 17 см.  Цвет: аква/аква (кант), белый/белый (кант), фуксия/черный (кант).  Состав: 20% спандекс, 80% нейлон.  aID: 4275 Цвет: аква Размер: M, ширина чашки 21 см. aID: 5018 Цвет: аква Размер: S, ширина чашки 21 см aID: 5019 Цвет: аква Размер: L, ширина чашки 21 см. aID: 5022 Цвет: белый Размер: M, ширина чашки 13 см. aID: 5027 Цвет: белый Размер: L, ширина чашки 13 см. aID: 4277 Цвет: белый Размер: S, ширина чашки 13 см. aID: 4727 Цвет: лазурный Размер: L, ширина чашки 17 см. aID: 4278 Цвет: фуксия/черный Размер: L, ширина чашки 17 см.;DressToUndress;N2-D2U;2400.00;1200.00;0;0;3;S;аква;5018;;;;;http://feed.p5s.ru/images/small/0/small_4064.jpg;http://feed.p5s.ru/images/big/0/4064.jpg;http://feed.p5s.ru/images/big/0/4064-1.jpg;;;;
4064;Эротическая одежда;Купальники;Купальник  Бритни  D2U;Красивая девушка с шикарной фигурой в облачении этого полупрозрачного купальника «Бритни» – главное украшение любой пляжной тусовки. Узенькие чашечки лифа, соединенные колечком, не скрывают очаровательных округлостей, а низкие трусики-бикини с аккуратным ремешком так сексуально обтягивают бедра и попку. Размер: M, ширина чашки 21 см.  S, ширина чашки 13 см.   L, ширина чашки 17 см.  Цвет: аква/аква (кант), белый/белый (кант), фуксия/черный (кант).  Состав: 20% спандекс, 80% нейлон.  aID: 4275 Цвет: аква Размер: M, ширина чашки 21 см. aID: 5018 Цвет: аква Размер: S, ширина чашки 21 см aID: 5019 Цвет: аква Размер: L, ширина чашки 21 см. aID: 5022 Цвет: белый Размер: M, ширина чашки 13 см. aID: 5027 Цвет: белый Размер: L, ширина чашки 13 см. aID: 4277 Цвет: белый Размер: S, ширина чашки 13 см. aID: 4727 Цвет: лазурный Размер: L, ширина чашки 17 см. aID: 4278 Цвет: фуксия/черный Размер: L, ширина чашки 17 см.;DressToUndress;N2-D2U;2400.00;1200.00;0;0;3;L;аква;5019;;;;;http://feed.p5s.ru/images/small/0/small_4064.jpg;http://feed.p5s.ru/images/big/0/4064.jpg;http://feed.p5s.ru/images/big/0/4064-1.jpg;;;;
4064;Эротическая одежда;Купальники;Купальник  Бритни  D2U;Красивая девушка с шикарной фигурой в облачении этого полупрозрачного купальника «Бритни» – главное украшение любой пляжной тусовки. Узенькие чашечки лифа, соединенные колечком, не скрывают очаровательных округлостей, а низкие трусики-бикини с аккуратным ремешком так сексуально обтягивают бедра и попку. Размер: M, ширина чашки 21 см.  S, ширина чашки 13 см.   L, ширина чашки 17 см.  Цвет: аква/аква (кант), белый/белый (кант), фуксия/черный (кант).  Состав: 20% спандекс, 80% нейлон.  aID: 4275 Цвет: аква Размер: M, ширина чашки 21 см. aID: 5018 Цвет: аква Размер: S, ширина чашки 21 см aID: 5019 Цвет: аква Размер: L, ширина чашки 21 см. aID: 5022 Цвет: белый Размер: M, ширина чашки 13 см. aID: 5027 Цвет: белый Размер: L, ширина чашки 13 см. aID: 4277 Цвет: белый Размер: S, ширина чашки 13 см. aID: 4727 Цвет: лазурный Размер: L, ширина чашки 17 см. aID: 4278 Цвет: фуксия/черный Размер: L, ширина чашки 17 см.;DressToUndress;N2-D2U;2400.00;1200.00;0;0;3;M;белый;5022;;;;;http://feed.p5s.ru/images/small/0/small_4064.jpg;http://feed.p5s.ru/images/big/0/4064.jpg;http://feed.p5s.ru/images/big/0/4064-1.jpg;;;;
4064;Эротическая одежда;Купальники;Купальник  Бритни  D2U;Красивая девушка с шикарной фигурой в облачении этого полупрозрачного купальника «Бритни» – главное украшение любой пляжной тусовки. Узенькие чашечки лифа, соединенные колечком, не скрывают очаровательных округлостей, а низкие трусики-бикини с аккуратным ремешком так сексуально обтягивают бедра и попку. Размер: M, ширина чашки 21 см.  S, ширина чашки 13 см.   L, ширина чашки 17 см.  Цвет: аква/аква (кант), белый/белый (кант), фуксия/черный (кант).  Состав: 20% спандекс, 80% нейлон.  aID: 4275 Цвет: аква Размер: M, ширина чашки 21 см. aID: 5018 Цвет: аква Размер: S, ширина чашки 21 см aID: 5019 Цвет: аква Размер: L, ширина чашки 21 см. aID: 5022 Цвет: белый Размер: M, ширина чашки 13 см. aID: 5027 Цвет: белый Размер: L, ширина чашки 13 см. aID: 4277 Цвет: белый Размер: S, ширина чашки 13 см. aID: 4727 Цвет: лазурный Размер: L, ширина чашки 17 см. aID: 4278 Цвет: фуксия/черный Размер: L, ширина чашки 17 см.;DressToUndress;N2-D2U;2400.00;1200.00;0;0;3;L;белый;5027;;;;;http://feed.p5s.ru/images/small/0/small_4064.jpg;http://feed.p5s.ru/images/big/0/4064.jpg;http://feed.p5s.ru/images/big/0/4064-1.jpg;;;;
4068;Эротическая одежда;Купальники;Экстремальный купальник Лилу D2U (цветной);Купальник «Лилу», состоящий из двух скрещенных полосок ткани, во многом повторяет сексуальный наряд одноименной героини культового фильма «5-й элемент». Бесспорно, женщина в таком облачении, как и на мужчин в кино, окажет неизгладимое впечатление. Со стройной девушкой в таком купальнике уже не захочется расставаться никогда. Размер: S, полнота чашки A, топ А 1,030, рост 163-168 см.  M, полнота чашки B, топ А 1,040, рост 163-168 см.  L, полнота чашки С, топ А 1,030, рост 169-173 см.  Цвет: горячий розовый/горячий розовый (кант), черный/зеленый лимон (кант), фуксия/черный (кант).  Состав: 20% спандекс, 80% нейлон.   aID: 4287 Цвет: горячий розовый Размер: S (бюст А), топ А 1,030, рост 163-168 см. aID: 5795 Цвет: зеленые мальдивы/белый Размер: M (бюст B), топ A 1,040, рост 163-168 см. aID: 4291 Цвет: фуксия/черный Размер: L (бюст С), топ A 1,030, рост 169-173 см. aID: 4290 Цвет: черный/зеленый лимон Размер: M (бюст B), топ A 1,040, рост 163-168 см.;DressToUndress;F6.020Cvet;2350.00;1175.00;0;0;3;S;ярко-розовый;4287;;;;;http://feed.p5s.ru/images/small/0/small_4068.jpg;http://feed.p5s.ru/images/big/0/4068.jpg;http://feed.p5s.ru/images/big/0/4068-1.jpg;http://feed.p5s.ru/images/big/0/4068-2.jpg;;;
4068;Эротическая одежда;Купальники;Экстремальный купальник Лилу D2U (цветной);Купальник «Лилу», состоящий из двух скрещенных полосок ткани, во многом повторяет сексуальный наряд одноименной героини культового фильма «5-й элемент». Бесспорно, женщина в таком облачении, как и на мужчин в кино, окажет неизгладимое впечатление. Со стройной девушкой в таком купальнике уже не захочется расставаться никогда. Размер: S, полнота чашки A, топ А 1,030, рост 163-168 см.  M, полнота чашки B, топ А 1,040, рост 163-168 см.  L, полнота чашки С, топ А 1,030, рост 169-173 см.  Цвет: горячий розовый/горячий розовый (кант), черный/зеленый лимон (кант), фуксия/черный (кант).  Состав: 20% спандекс, 80% нейлон.   aID: 4287 Цвет: горячий розовый Размер: S (бюст А), топ А 1,030, рост 163-168 см. aID: 5795 Цвет: зеленые мальдивы/белый Размер: M (бюст B), топ A 1,040, рост 163-168 см. aID: 4291 Цвет: фуксия/черный Размер: L (бюст С), топ A 1,030, рост 169-173 см. aID: 4290 Цвет: черный/зеленый лимон Размер: M (бюст B), топ A 1,040, рост 163-168 см.;DressToUndress;F6.020Cvet;2350.00;1175.00;0;0;3;M;черный с лимонным;4290;;;;;http://feed.p5s.ru/images/small/0/small_4068.jpg;http://feed.p5s.ru/images/big/0/4068.jpg;http://feed.p5s.ru/images/big/0/4068-1.jpg;http://feed.p5s.ru/images/big/0/4068-2.jpg;;;
4068;Эротическая одежда;Купальники;Экстремальный купальник Лилу D2U (цветной);Купальник «Лилу», состоящий из двух скрещенных полосок ткани, во многом повторяет сексуальный наряд одноименной героини культового фильма «5-й элемент». Бесспорно, женщина в таком облачении, как и на мужчин в кино, окажет неизгладимое впечатление. Со стройной девушкой в таком купальнике уже не захочется расставаться никогда. Размер: S, полнота чашки A, топ А 1,030, рост 163-168 см.  M, полнота чашки B, топ А 1,040, рост 163-168 см.  L, полнота чашки С, топ А 1,030, рост 169-173 см.  Цвет: горячий розовый/горячий розовый (кант), черный/зеленый лимон (кант), фуксия/черный (кант).  Состав: 20% спандекс, 80% нейлон.   aID: 4287 Цвет: горячий розовый Размер: S (бюст А), топ А 1,030, рост 163-168 см. aID: 5795 Цвет: зеленые мальдивы/белый Размер: M (бюст B), топ A 1,040, рост 163-168 см. aID: 4291 Цвет: фуксия/черный Размер: L (бюст С), топ A 1,030, рост 169-173 см. aID: 4290 Цвет: черный/зеленый лимон Размер: M (бюст B), топ A 1,040, рост 163-168 см.;DressToUndress;F6.020Cvet;2350.00;1175.00;0;0;3;L;розовый с черным;4291;;;;;http://feed.p5s.ru/images/small/0/small_4068.jpg;http://feed.p5s.ru/images/big/0/4068.jpg;http://feed.p5s.ru/images/big/0/4068-1.jpg;http://feed.p5s.ru/images/big/0/4068-2.jpg;;;
4068;Эротическая одежда;Купальники;Экстремальный купальник Лилу D2U (цветной);Купальник «Лилу», состоящий из двух скрещенных полосок ткани, во многом повторяет сексуальный наряд одноименной героини культового фильма «5-й элемент». Бесспорно, женщина в таком облачении, как и на мужчин в кино, окажет неизгладимое впечатление. Со стройной девушкой в таком купальнике уже не захочется расставаться никогда. Размер: S, полнота чашки A, топ А 1,030, рост 163-168 см.  M, полнота чашки B, топ А 1,040, рост 163-168 см.  L, полнота чашки С, топ А 1,030, рост 169-173 см.  Цвет: горячий розовый/горячий розовый (кант), черный/зеленый лимон (кант), фуксия/черный (кант).  Состав: 20% спандекс, 80% нейлон.   aID: 4287 Цвет: горячий розовый Размер: S (бюст А), топ А 1,030, рост 163-168 см. aID: 5795 Цвет: зеленые мальдивы/белый Размер: M (бюст B), топ A 1,040, рост 163-168 см. aID: 4291 Цвет: фуксия/черный Размер: L (бюст С), топ A 1,030, рост 169-173 см. aID: 4290 Цвет: черный/зеленый лимон Размер: M (бюст B), топ A 1,040, рост 163-168 см.;DressToUndress;F6.020Cvet;2350.00;1175.00;0;0;3;M;зеленый с белым;5795;;;;;http://feed.p5s.ru/images/small/0/small_4068.jpg;http://feed.p5s.ru/images/big/0/4068.jpg;http://feed.p5s.ru/images/big/0/4068-1.jpg;http://feed.p5s.ru/images/big/0/4068-2.jpg;;;
4070;Эротическая одежда;Купальники;Купальник Лорэн D2U;Этот полосатый наряд с широким кантом идеально подходит для неги на песочке, плавания и игры в баскетбол. При этом, что бы вы ни делали, все будут отмечать не только ваше потрясающее жизнелюбие, но и точеную фигурку… особенно попку, ведь шортики придают ей ну очень аппетитный вид.  Современный, модный купальник - Лорэн. Особенностью этого стильного купальника является широкая окантовка топа, переходящая в завязки и широкая окантовка шортиков.  Размер: S, ширина чашки 11 см  М, ширина чашки 15 см.  Цвет: сирень / тропический розовый  фуксия / черный.  Состав: 20% спандекс, 80% нейлон.  aID: 4292 Цвет: сирень/тропический розовый Размер: S, ширина чашки 11 см. aID: 4294 Цвет: фуксия/черный Размер: M, ширина чашки 15 см. aID: 5199 Цвет: черный с красным Размер: M, ширина чашки 11 см. aID: 5198 Цвет: черный с красным Размер: S, ширина чашки 11 см. aID: 5200 Цвет: черный с красным Размер: L, ширина чашки 13 см. aID: 5048 Цвет: черный/оранжевый Размер: L, ширина чашки 15 см  aID: 5047 Цвет: черный/оранжевый Размер: M, ширина чашки 13 см.;DressToUndress;E5.603;2400.00;1200.00;0;0;3;S;сирень/тропический розовый;4292;;;;;http://feed.p5s.ru/images/small/0/small_4070.jpg;http://feed.p5s.ru/images/big/0/4070.jpg;http://feed.p5s.ru/images/big/0/4070-1.jpg;http://feed.p5s.ru/images/big/0/4070-2.jpg;;;
4070;Эротическая одежда;Купальники;Купальник Лорэн D2U;Этот полосатый наряд с широким кантом идеально подходит для неги на песочке, плавания и игры в баскетбол. При этом, что бы вы ни делали, все будут отмечать не только ваше потрясающее жизнелюбие, но и точеную фигурку… особенно попку, ведь шортики придают ей ну очень аппетитный вид.  Современный, модный купальник - Лорэн. Особенностью этого стильного купальника является широкая окантовка топа, переходящая в завязки и широкая окантовка шортиков.  Размер: S, ширина чашки 11 см  М, ширина чашки 15 см.  Цвет: сирень / тропический розовый  фуксия / черный.  Состав: 20% спандекс, 80% нейлон.  aID: 4292 Цвет: сирень/тропический розовый Размер: S, ширина чашки 11 см. aID: 4294 Цвет: фуксия/черный Размер: M, ширина чашки 15 см. aID: 5199 Цвет: черный с красным Размер: M, ширина чашки 11 см. aID: 5198 Цвет: черный с красным Размер: S, ширина чашки 11 см. aID: 5200 Цвет: черный с красным Размер: L, ширина чашки 13 см. aID: 5048 Цвет: черный/оранжевый Размер: L, ширина чашки 15 см  aID: 5047 Цвет: черный/оранжевый Размер: M, ширина чашки 13 см.;DressToUndress;E5.603;2400.00;1200.00;0;0;3;M;розовый с черным;4294;;;;;http://feed.p5s.ru/images/small/0/small_4070.jpg;http://feed.p5s.ru/images/big/0/4070.jpg;http://feed.p5s.ru/images/big/0/4070-1.jpg;http://feed.p5s.ru/images/big/0/4070-2.jpg;;;
4070;Эротическая одежда;Купальники;Купальник Лорэн D2U;Этот полосатый наряд с широким кантом идеально подходит для неги на песочке, плавания и игры в баскетбол. При этом, что бы вы ни делали, все будут отмечать не только ваше потрясающее жизнелюбие, но и точеную фигурку… особенно попку, ведь шортики придают ей ну очень аппетитный вид.  Современный, модный купальник - Лорэн. Особенностью этого стильного купальника является широкая окантовка топа, переходящая в завязки и широкая окантовка шортиков.  Размер: S, ширина чашки 11 см  М, ширина чашки 15 см.  Цвет: сирень / тропический розовый  фуксия / черный.  Состав: 20% спандекс, 80% нейлон.  aID: 4292 Цвет: сирень/тропический розовый Размер: S, ширина чашки 11 см. aID: 4294 Цвет: фуксия/черный Размер: M, ширина чашки 15 см. aID: 5199 Цвет: черный с красным Размер: M, ширина чашки 11 см. aID: 5198 Цвет: черный с красным Размер: S, ширина чашки 11 см. aID: 5200 Цвет: черный с красным Размер: L, ширина чашки 13 см. aID: 5048 Цвет: черный/оранжевый Размер: L, ширина чашки 15 см  aID: 5047 Цвет: черный/оранжевый Размер: M, ширина чашки 13 см.;DressToUndress;E5.603;2400.00;1200.00;0;0;3;M;черный;5047;;;;;http://feed.p5s.ru/images/small/0/small_4070.jpg;http://feed.p5s.ru/images/big/0/4070.jpg;http://feed.p5s.ru/images/big/0/4070-1.jpg;http://feed.p5s.ru/images/big/0/4070-2.jpg;;;
4070;Эротическая одежда;Купальники;Купальник Лорэн D2U;Этот полосатый наряд с широким кантом идеально подходит для неги на песочке, плавания и игры в баскетбол. При этом, что бы вы ни делали, все будут отмечать не только ваше потрясающее жизнелюбие, но и точеную фигурку… особенно попку, ведь шортики придают ей ну очень аппетитный вид.  Современный, модный купальник - Лорэн. Особенностью этого стильного купальника является широкая окантовка топа, переходящая в завязки и широкая окантовка шортиков.  Размер: S, ширина чашки 11 см  М, ширина чашки 15 см.  Цвет: сирень / тропический розовый  фуксия / черный.  Состав: 20% спандекс, 80% нейлон.  aID: 4292 Цвет: сирень/тропический розовый Размер: S, ширина чашки 11 см. aID: 4294 Цвет: фуксия/черный Размер: M, ширина чашки 15 см. aID: 5199 Цвет: черный с красным Размер: M, ширина чашки 11 см. aID: 5198 Цвет: черный с красным Размер: S, ширина чашки 11 см. aID: 5200 Цвет: черный с красным Размер: L, ширина чашки 13 см. aID: 5048 Цвет: черный/оранжевый Размер: L, ширина чашки 15 см  aID: 5047 Цвет: черный/оранжевый Размер: M, ширина чашки 13 см.;DressToUndress;E5.603;2400.00;1200.00;0;0;3;L;черный;5048;;;;;http://feed.p5s.ru/images/small/0/small_4070.jpg;http://feed.p5s.ru/images/big/0/4070.jpg;http://feed.p5s.ru/images/big/0/4070-1.jpg;http://feed.p5s.ru/images/big/0/4070-2.jpg;;;
4070;Эротическая одежда;Купальники;Купальник Лорэн D2U;Этот полосатый наряд с широким кантом идеально подходит для неги на песочке, плавания и игры в баскетбол. При этом, что бы вы ни делали, все будут отмечать не только ваше потрясающее жизнелюбие, но и точеную фигурку… особенно попку, ведь шортики придают ей ну очень аппетитный вид.  Современный, модный купальник - Лорэн. Особенностью этого стильного купальника является широкая окантовка топа, переходящая в завязки и широкая окантовка шортиков.  Размер: S, ширина чашки 11 см  М, ширина чашки 15 см.  Цвет: сирень / тропический розовый  фуксия / черный.  Состав: 20% спандекс, 80% нейлон.  aID: 4292 Цвет: сирень/тропический розовый Размер: S, ширина чашки 11 см. aID: 4294 Цвет: фуксия/черный Размер: M, ширина чашки 15 см. aID: 5199 Цвет: черный с красным Размер: M, ширина чашки 11 см. aID: 5198 Цвет: черный с красным Размер: S, ширина чашки 11 см. aID: 5200 Цвет: черный с красным Размер: L, ширина чашки 13 см. aID: 5048 Цвет: черный/оранжевый Размер: L, ширина чашки 15 см  aID: 5047 Цвет: черный/оранжевый Размер: M, ширина чашки 13 см.;DressToUndress;E5.603;2400.00;1200.00;0;0;3;S;черный с красным;5198;;;;;http://feed.p5s.ru/images/small/0/small_4070.jpg;http://feed.p5s.ru/images/big/0/4070.jpg;http://feed.p5s.ru/images/big/0/4070-1.jpg;http://feed.p5s.ru/images/big/0/4070-2.jpg;;;
4070;Эротическая одежда;Купальники;Купальник Лорэн D2U;Этот полосатый наряд с широким кантом идеально подходит для неги на песочке, плавания и игры в баскетбол. При этом, что бы вы ни делали, все будут отмечать не только ваше потрясающее жизнелюбие, но и точеную фигурку… особенно попку, ведь шортики придают ей ну очень аппетитный вид.  Современный, модный купальник - Лорэн. Особенностью этого стильного купальника является широкая окантовка топа, переходящая в завязки и широкая окантовка шортиков.  Размер: S, ширина чашки 11 см  М, ширина чашки 15 см.  Цвет: сирень / тропический розовый  фуксия / черный.  Состав: 20% спандекс, 80% нейлон.  aID: 4292 Цвет: сирень/тропический розовый Размер: S, ширина чашки 11 см. aID: 4294 Цвет: фуксия/черный Размер: M, ширина чашки 15 см. aID: 5199 Цвет: черный с красным Размер: M, ширина чашки 11 см. aID: 5198 Цвет: черный с красным Размер: S, ширина чашки 11 см. aID: 5200 Цвет: черный с красным Размер: L, ширина чашки 13 см. aID: 5048 Цвет: черный/оранжевый Размер: L, ширина чашки 15 см  aID: 5047 Цвет: черный/оранжевый Размер: M, ширина чашки 13 см.;DressToUndress;E5.603;2400.00;1200.00;0;0;3;M;черный с красным;5199;;;;;http://feed.p5s.ru/images/small/0/small_4070.jpg;http://feed.p5s.ru/images/big/0/4070.jpg;http://feed.p5s.ru/images/big/0/4070-1.jpg;http://feed.p5s.ru/images/big/0/4070-2.jpg;;;
4070;Эротическая одежда;Купальники;Купальник Лорэн D2U;Этот полосатый наряд с широким кантом идеально подходит для неги на песочке, плавания и игры в баскетбол. При этом, что бы вы ни делали, все будут отмечать не только ваше потрясающее жизнелюбие, но и точеную фигурку… особенно попку, ведь шортики придают ей ну очень аппетитный вид.  Современный, модный купальник - Лорэн. Особенностью этого стильного купальника является широкая окантовка топа, переходящая в завязки и широкая окантовка шортиков.  Размер: S, ширина чашки 11 см  М, ширина чашки 15 см.  Цвет: сирень / тропический розовый  фуксия / черный.  Состав: 20% спандекс, 80% нейлон.  aID: 4292 Цвет: сирень/тропический розовый Размер: S, ширина чашки 11 см. aID: 4294 Цвет: фуксия/черный Размер: M, ширина чашки 15 см. aID: 5199 Цвет: черный с красным Размер: M, ширина чашки 11 см. aID: 5198 Цвет: черный с красным Размер: S, ширина чашки 11 см. aID: 5200 Цвет: черный с красным Размер: L, ширина чашки 13 см. aID: 5048 Цвет: черный/оранжевый Размер: L, ширина чашки 15 см  aID: 5047 Цвет: черный/оранжевый Размер: M, ширина чашки 13 см.;DressToUndress;E5.603;2400.00;1200.00;0;0;3;L;черный с красным;5200;;;;;http://feed.p5s.ru/images/small/0/small_4070.jpg;http://feed.p5s.ru/images/big/0/4070.jpg;http://feed.p5s.ru/images/big/0/4070-1.jpg;http://feed.p5s.ru/images/big/0/4070-2.jpg;;;
4074;Эротическая одежда;Купальники;Экстремальный купальник F6.070 D2U;Форма этого купальника столь необычна, что можно с уверенностью сказать: заинтересованные и восхищенные взгляды окружающих будут обращены только на вас. Два квадратика вместо лифа, один в качестве трусиков, и их соединяет паутина из бретелей...ну разве не восторг? Размер:  S, полнота чашки A, рост 169-173 см.   M, полнота чашки B, рост 163-168 см.  Цвет: черный/оранжевый (завязки), черный/горячий розовый (завязки).  Состав: 20% спандекс, 80% нейлон.   aID: 4309 Цвет: черный/горячий розовый Размер: M (бюст B) рост 163-168 см. aID: 4301 Цвет: черный/оранжевый Размер: S (бюст A) рост 169-173 см.;DressToUndress;F6.070;2300.00;1150.00;0;0;3;S;оранжевый с черным;4301;;;;;http://feed.p5s.ru/images/small/0/small_4074.jpg;http://feed.p5s.ru/images/big/0/4074.jpg;http://feed.p5s.ru/images/big/0/4074-1.jpg;http://feed.p5s.ru/images/big/0/4074-2.jpg;;;
4074;Эротическая одежда;Купальники;Экстремальный купальник F6.070 D2U;Форма этого купальника столь необычна, что можно с уверенностью сказать: заинтересованные и восхищенные взгляды окружающих будут обращены только на вас. Два квадратика вместо лифа, один в качестве трусиков, и их соединяет паутина из бретелей...ну разве не восторг? Размер:  S, полнота чашки A, рост 169-173 см.   M, полнота чашки B, рост 163-168 см.  Цвет: черный/оранжевый (завязки), черный/горячий розовый (завязки).  Состав: 20% спандекс, 80% нейлон.   aID: 4309 Цвет: черный/горячий розовый Размер: M (бюст B) рост 163-168 см. aID: 4301 Цвет: черный/оранжевый Размер: S (бюст A) рост 169-173 см.;DressToUndress;F6.070;2300.00;1150.00;0;0;3;M;розовый с черным;4309;;;;;http://feed.p5s.ru/images/small/0/small_4074.jpg;http://feed.p5s.ru/images/big/0/4074.jpg;http://feed.p5s.ru/images/big/0/4074-1.jpg;http://feed.p5s.ru/images/big/0/4074-2.jpg;;;
4075;Эротическая одежда;Купальники;Купальник Жара D2U;Купальник «Жара» гарантированно станет любимым пляжным нарядом каждой девушки. В нём совершенно всё: яркий цвет, оригинальная форма, приятная к телу ткань, озорные бантики на лямках. В этом купальнике так легко почувствовать себя в центре внимания окружающих. Купальник  Жара  сделан из высококачественной итальянской ткани. Трусики и топ купальника не имеют внутренних тканевых вставок и при намокании могут просвечиваться. Купальник «Жара» D2U состоит из топа и трусиков. Это ВЫСОКИЙ треугольный топ , средняя его высота 17 см. Девушкам с небольшой грудью, мы рекомендуем размер треугольников топа 7-9 см., максимум-11см.  Если у Вас большая грудь, рекомендуем размер топа от 13 см.   Размер: S,ширина чашки 13см,трусики - стринг  М,ширина чашки 15 см,трусики - треугольник  L,ширина чашки 17 см,трусики - треугольник  S,ширина чашки 11 см,трусики - стринг.  Цвет: красный / черный (кант)  синий василек / желтый (кант)  взбитыесливки /шоколад (кант)  сирень /фуксия (кант).  Состав: 20% спандекс, 80% нейлон.  aID: 5800 Цвет: аква/черный Размер: M, ширина чашки 9 см., трусики-треугольник aID: 4304 Цвет: Взбитые сливки/Шоколад Размер: L, ширина чашки 17 см., трусики треугольник aID: 5052 Цвет: желтый Размер: M, ширина чашки 13 см., трусики-треугольник aID: 5053 Цвет: желтый Размер: S, ширина чашки 13 см, трусики-треугольник aID: 5054 Цвет: желтый Размер: L, ширина чашки 13 см, треугольник aID: 5050 Цвет: зеленый лимон/черный Размер: M, ширина чашки 13 см., трусики-треугольник aID: 5049 Цвет: зеленый лимон/черный Размер: S, ширина чашки 13 см, трусики-треугольник aID: 5051 Цвет: зеленый лимон/черный Размер: L, ширина чашки 13 см, треугольник aID: 4302 Цвет: красный с черным Размер: S, ширина чашки 13 см., трусики-стринг aID: 5046 Цвет: синий васелек/желтый Размер: S, ширина чашки 15 см., трусики-треугольник aID: 4303 Цвет: синий васелек/желтый Размер: M, ширина чашки 15 см., трусики треугольник aID: 4305 Цвет: сирень/фуксия Размер: S, ширина чашки 11 см., трусики-стринг ;DressToUndress;N10-D2U;2350.00;1175.00;0;0;3;S;красный с черным;4302;;;;;http://feed.p5s.ru/images/small/0/small_4075.jpg;http://feed.p5s.ru/images/big/0/4075.jpg;http://feed.p5s.ru/images/big/0/4075-1.jpg;http://feed.p5s.ru/images/big/0/4075-2.jpg;;;
4075;Эротическая одежда;Купальники;Купальник Жара D2U;Купальник «Жара» гарантированно станет любимым пляжным нарядом каждой девушки. В нём совершенно всё: яркий цвет, оригинальная форма, приятная к телу ткань, озорные бантики на лямках. В этом купальнике так легко почувствовать себя в центре внимания окружающих. Купальник  Жара  сделан из высококачественной итальянской ткани. Трусики и топ купальника не имеют внутренних тканевых вставок и при намокании могут просвечиваться. Купальник «Жара» D2U состоит из топа и трусиков. Это ВЫСОКИЙ треугольный топ , средняя его высота 17 см. Девушкам с небольшой грудью, мы рекомендуем размер треугольников топа 7-9 см., максимум-11см.  Если у Вас большая грудь, рекомендуем размер топа от 13 см.   Размер: S,ширина чашки 13см,трусики - стринг  М,ширина чашки 15 см,трусики - треугольник  L,ширина чашки 17 см,трусики - треугольник  S,ширина чашки 11 см,трусики - стринг.  Цвет: красный / черный (кант)  синий василек / желтый (кант)  взбитыесливки /шоколад (кант)  сирень /фуксия (кант).  Состав: 20% спандекс, 80% нейлон.  aID: 5800 Цвет: аква/черный Размер: M, ширина чашки 9 см., трусики-треугольник aID: 4304 Цвет: Взбитые сливки/Шоколад Размер: L, ширина чашки 17 см., трусики треугольник aID: 5052 Цвет: желтый Размер: M, ширина чашки 13 см., трусики-треугольник aID: 5053 Цвет: желтый Размер: S, ширина чашки 13 см, трусики-треугольник aID: 5054 Цвет: желтый Размер: L, ширина чашки 13 см, треугольник aID: 5050 Цвет: зеленый лимон/черный Размер: M, ширина чашки 13 см., трусики-треугольник aID: 5049 Цвет: зеленый лимон/черный Размер: S, ширина чашки 13 см, трусики-треугольник aID: 5051 Цвет: зеленый лимон/черный Размер: L, ширина чашки 13 см, треугольник aID: 4302 Цвет: красный с черным Размер: S, ширина чашки 13 см., трусики-стринг aID: 5046 Цвет: синий васелек/желтый Размер: S, ширина чашки 15 см., трусики-треугольник aID: 4303 Цвет: синий васелек/желтый Размер: M, ширина чашки 15 см., трусики треугольник aID: 4305 Цвет: сирень/фуксия Размер: S, ширина чашки 11 см., трусики-стринг ;DressToUndress;N10-D2U;2350.00;1175.00;0;0;3;M;синий васелек/желтый;4303;;;;;http://feed.p5s.ru/images/small/0/small_4075.jpg;http://feed.p5s.ru/images/big/0/4075.jpg;http://feed.p5s.ru/images/big/0/4075-1.jpg;http://feed.p5s.ru/images/big/0/4075-2.jpg;;;
4075;Эротическая одежда;Купальники;Купальник Жара D2U;Купальник «Жара» гарантированно станет любимым пляжным нарядом каждой девушки. В нём совершенно всё: яркий цвет, оригинальная форма, приятная к телу ткань, озорные бантики на лямках. В этом купальнике так легко почувствовать себя в центре внимания окружающих. Купальник  Жара  сделан из высококачественной итальянской ткани. Трусики и топ купальника не имеют внутренних тканевых вставок и при намокании могут просвечиваться. Купальник «Жара» D2U состоит из топа и трусиков. Это ВЫСОКИЙ треугольный топ , средняя его высота 17 см. Девушкам с небольшой грудью, мы рекомендуем размер треугольников топа 7-9 см., максимум-11см.  Если у Вас большая грудь, рекомендуем размер топа от 13 см.   Размер: S,ширина чашки 13см,трусики - стринг  М,ширина чашки 15 см,трусики - треугольник  L,ширина чашки 17 см,трусики - треугольник  S,ширина чашки 11 см,трусики - стринг.  Цвет: красный / черный (кант)  синий василек / желтый (кант)  взбитыесливки /шоколад (кант)  сирень /фуксия (кант).  Состав: 20% спандекс, 80% нейлон.  aID: 5800 Цвет: аква/черный Размер: M, ширина чашки 9 см., трусики-треугольник aID: 4304 Цвет: Взбитые сливки/Шоколад Размер: L, ширина чашки 17 см., трусики треугольник aID: 5052 Цвет: желтый Размер: M, ширина чашки 13 см., трусики-треугольник aID: 5053 Цвет: желтый Размер: S, ширина чашки 13 см, трусики-треугольник aID: 5054 Цвет: желтый Размер: L, ширина чашки 13 см, треугольник aID: 5050 Цвет: зеленый лимон/черный Размер: M, ширина чашки 13 см., трусики-треугольник aID: 5049 Цвет: зеленый лимон/черный Размер: S, ширина чашки 13 см, трусики-треугольник aID: 5051 Цвет: зеленый лимон/черный Размер: L, ширина чашки 13 см, треугольник aID: 4302 Цвет: красный с черным Размер: S, ширина чашки 13 см., трусики-стринг aID: 5046 Цвет: синий васелек/желтый Размер: S, ширина чашки 15 см., трусики-треугольник aID: 4303 Цвет: синий васелек/желтый Размер: M, ширина чашки 15 см., трусики треугольник aID: 4305 Цвет: сирень/фуксия Размер: S, ширина чашки 11 см., трусики-стринг ;DressToUndress;N10-D2U;2350.00;1175.00;0;0;3;L;Взбитые сливки/Шоколад;4304;;;;;http://feed.p5s.ru/images/small/0/small_4075.jpg;http://feed.p5s.ru/images/big/0/4075.jpg;http://feed.p5s.ru/images/big/0/4075-1.jpg;http://feed.p5s.ru/images/big/0/4075-2.jpg;;;
4075;Эротическая одежда;Купальники;Купальник Жара D2U;Купальник «Жара» гарантированно станет любимым пляжным нарядом каждой девушки. В нём совершенно всё: яркий цвет, оригинальная форма, приятная к телу ткань, озорные бантики на лямках. В этом купальнике так легко почувствовать себя в центре внимания окружающих. Купальник  Жара  сделан из высококачественной итальянской ткани. Трусики и топ купальника не имеют внутренних тканевых вставок и при намокании могут просвечиваться. Купальник «Жара» D2U состоит из топа и трусиков. Это ВЫСОКИЙ треугольный топ , средняя его высота 17 см. Девушкам с небольшой грудью, мы рекомендуем размер треугольников топа 7-9 см., максимум-11см.  Если у Вас большая грудь, рекомендуем размер топа от 13 см.   Размер: S,ширина чашки 13см,трусики - стринг  М,ширина чашки 15 см,трусики - треугольник  L,ширина чашки 17 см,трусики - треугольник  S,ширина чашки 11 см,трусики - стринг.  Цвет: красный / черный (кант)  синий василек / желтый (кант)  взбитыесливки /шоколад (кант)  сирень /фуксия (кант).  Состав: 20% спандекс, 80% нейлон.  aID: 5800 Цвет: аква/черный Размер: M, ширина чашки 9 см., трусики-треугольник aID: 4304 Цвет: Взбитые сливки/Шоколад Размер: L, ширина чашки 17 см., трусики треугольник aID: 5052 Цвет: желтый Размер: M, ширина чашки 13 см., трусики-треугольник aID: 5053 Цвет: желтый Размер: S, ширина чашки 13 см, трусики-треугольник aID: 5054 Цвет: желтый Размер: L, ширина чашки 13 см, треугольник aID: 5050 Цвет: зеленый лимон/черный Размер: M, ширина чашки 13 см., трусики-треугольник aID: 5049 Цвет: зеленый лимон/черный Размер: S, ширина чашки 13 см, трусики-треугольник aID: 5051 Цвет: зеленый лимон/черный Размер: L, ширина чашки 13 см, треугольник aID: 4302 Цвет: красный с черным Размер: S, ширина чашки 13 см., трусики-стринг aID: 5046 Цвет: синий васелек/желтый Размер: S, ширина чашки 15 см., трусики-треугольник aID: 4303 Цвет: синий васелек/желтый Размер: M, ширина чашки 15 см., трусики треугольник aID: 4305 Цвет: сирень/фуксия Размер: S, ширина чашки 11 см., трусики-стринг ;DressToUndress;N10-D2U;2350.00;1175.00;0;0;3;S;сирень/фуксия;4305;;;;;http://feed.p5s.ru/images/small/0/small_4075.jpg;http://feed.p5s.ru/images/big/0/4075.jpg;http://feed.p5s.ru/images/big/0/4075-1.jpg;http://feed.p5s.ru/images/big/0/4075-2.jpg;;;
4075;Эротическая одежда;Купальники;Купальник Жара D2U;Купальник «Жара» гарантированно станет любимым пляжным нарядом каждой девушки. В нём совершенно всё: яркий цвет, оригинальная форма, приятная к телу ткань, озорные бантики на лямках. В этом купальнике так легко почувствовать себя в центре внимания окружающих. Купальник  Жара  сделан из высококачественной итальянской ткани. Трусики и топ купальника не имеют внутренних тканевых вставок и при намокании могут просвечиваться. Купальник «Жара» D2U состоит из топа и трусиков. Это ВЫСОКИЙ треугольный топ , средняя его высота 17 см. Девушкам с небольшой грудью, мы рекомендуем размер треугольников топа 7-9 см., максимум-11см.  Если у Вас большая грудь, рекомендуем размер топа от 13 см.   Размер: S,ширина чашки 13см,трусики - стринг  М,ширина чашки 15 см,трусики - треугольник  L,ширина чашки 17 см,трусики - треугольник  S,ширина чашки 11 см,трусики - стринг.  Цвет: красный / черный (кант)  синий василек / желтый (кант)  взбитыесливки /шоколад (кант)  сирень /фуксия (кант).  Состав: 20% спандекс, 80% нейлон.  aID: 5800 Цвет: аква/черный Размер: M, ширина чашки 9 см., трусики-треугольник aID: 4304 Цвет: Взбитые сливки/Шоколад Размер: L, ширина чашки 17 см., трусики треугольник aID: 5052 Цвет: желтый Размер: M, ширина чашки 13 см., трусики-треугольник aID: 5053 Цвет: желтый Размер: S, ширина чашки 13 см, трусики-треугольник aID: 5054 Цвет: желтый Размер: L, ширина чашки 13 см, треугольник aID: 5050 Цвет: зеленый лимон/черный Размер: M, ширина чашки 13 см., трусики-треугольник aID: 5049 Цвет: зеленый лимон/черный Размер: S, ширина чашки 13 см, трусики-треугольник aID: 5051 Цвет: зеленый лимон/черный Размер: L, ширина чашки 13 см, треугольник aID: 4302 Цвет: красный с черным Размер: S, ширина чашки 13 см., трусики-стринг aID: 5046 Цвет: синий васелек/желтый Размер: S, ширина чашки 15 см., трусики-треугольник aID: 4303 Цвет: синий васелек/желтый Размер: M, ширина чашки 15 см., трусики треугольник aID: 4305 Цвет: сирень/фуксия Размер: S, ширина чашки 11 см., трусики-стринг ;DressToUndress;N10-D2U;2350.00;1175.00;0;0;3;S;синий васелек/желтый;5046;;;;;http://feed.p5s.ru/images/small/0/small_4075.jpg;http://feed.p5s.ru/images/big/0/4075.jpg;http://feed.p5s.ru/images/big/0/4075-1.jpg;http://feed.p5s.ru/images/big/0/4075-2.jpg;;;
4075;Эротическая одежда;Купальники;Купальник Жара D2U;Купальник «Жара» гарантированно станет любимым пляжным нарядом каждой девушки. В нём совершенно всё: яркий цвет, оригинальная форма, приятная к телу ткань, озорные бантики на лямках. В этом купальнике так легко почувствовать себя в центре внимания окружающих. Купальник  Жара  сделан из высококачественной итальянской ткани. Трусики и топ купальника не имеют внутренних тканевых вставок и при намокании могут просвечиваться. Купальник «Жара» D2U состоит из топа и трусиков. Это ВЫСОКИЙ треугольный топ , средняя его высота 17 см. Девушкам с небольшой грудью, мы рекомендуем размер треугольников топа 7-9 см., максимум-11см.  Если у Вас большая грудь, рекомендуем размер топа от 13 см.   Размер: S,ширина чашки 13см,трусики - стринг  М,ширина чашки 15 см,трусики - треугольник  L,ширина чашки 17 см,трусики - треугольник  S,ширина чашки 11 см,трусики - стринг.  Цвет: красный / черный (кант)  синий василек / желтый (кант)  взбитыесливки /шоколад (кант)  сирень /фуксия (кант).  Состав: 20% спандекс, 80% нейлон.  aID: 5800 Цвет: аква/черный Размер: M, ширина чашки 9 см., трусики-треугольник aID: 4304 Цвет: Взбитые сливки/Шоколад Размер: L, ширина чашки 17 см., трусики треугольник aID: 5052 Цвет: желтый Размер: M, ширина чашки 13 см., трусики-треугольник aID: 5053 Цвет: желтый Размер: S, ширина чашки 13 см, трусики-треугольник aID: 5054 Цвет: желтый Размер: L, ширина чашки 13 см, треугольник aID: 5050 Цвет: зеленый лимон/черный Размер: M, ширина чашки 13 см., трусики-треугольник aID: 5049 Цвет: зеленый лимон/черный Размер: S, ширина чашки 13 см, трусики-треугольник aID: 5051 Цвет: зеленый лимон/черный Размер: L, ширина чашки 13 см, треугольник aID: 4302 Цвет: красный с черным Размер: S, ширина чашки 13 см., трусики-стринг aID: 5046 Цвет: синий васелек/желтый Размер: S, ширина чашки 15 см., трусики-треугольник aID: 4303 Цвет: синий васелек/желтый Размер: M, ширина чашки 15 см., трусики треугольник aID: 4305 Цвет: сирень/фуксия Размер: S, ширина чашки 11 см., трусики-стринг ;DressToUndress;N10-D2U;2350.00;1175.00;0;0;3;S;зеленый лимон/черный;5049;;;;;http://feed.p5s.ru/images/small/0/small_4075.jpg;http://feed.p5s.ru/images/big/0/4075.jpg;http://feed.p5s.ru/images/big/0/4075-1.jpg;http://feed.p5s.ru/images/big/0/4075-2.jpg;;;
4075;Эротическая одежда;Купальники;Купальник Жара D2U;Купальник «Жара» гарантированно станет любимым пляжным нарядом каждой девушки. В нём совершенно всё: яркий цвет, оригинальная форма, приятная к телу ткань, озорные бантики на лямках. В этом купальнике так легко почувствовать себя в центре внимания окружающих. Купальник  Жара  сделан из высококачественной итальянской ткани. Трусики и топ купальника не имеют внутренних тканевых вставок и при намокании могут просвечиваться. Купальник «Жара» D2U состоит из топа и трусиков. Это ВЫСОКИЙ треугольный топ , средняя его высота 17 см. Девушкам с небольшой грудью, мы рекомендуем размер треугольников топа 7-9 см., максимум-11см.  Если у Вас большая грудь, рекомендуем размер топа от 13 см.   Размер: S,ширина чашки 13см,трусики - стринг  М,ширина чашки 15 см,трусики - треугольник  L,ширина чашки 17 см,трусики - треугольник  S,ширина чашки 11 см,трусики - стринг.  Цвет: красный / черный (кант)  синий василек / желтый (кант)  взбитыесливки /шоколад (кант)  сирень /фуксия (кант).  Состав: 20% спандекс, 80% нейлон.  aID: 5800 Цвет: аква/черный Размер: M, ширина чашки 9 см., трусики-треугольник aID: 4304 Цвет: Взбитые сливки/Шоколад Размер: L, ширина чашки 17 см., трусики треугольник aID: 5052 Цвет: желтый Размер: M, ширина чашки 13 см., трусики-треугольник aID: 5053 Цвет: желтый Размер: S, ширина чашки 13 см, трусики-треугольник aID: 5054 Цвет: желтый Размер: L, ширина чашки 13 см, треугольник aID: 5050 Цвет: зеленый лимон/черный Размер: M, ширина чашки 13 см., трусики-треугольник aID: 5049 Цвет: зеленый лимон/черный Размер: S, ширина чашки 13 см, трусики-треугольник aID: 5051 Цвет: зеленый лимон/черный Размер: L, ширина чашки 13 см, треугольник aID: 4302 Цвет: красный с черным Размер: S, ширина чашки 13 см., трусики-стринг aID: 5046 Цвет: синий васелек/желтый Размер: S, ширина чашки 15 см., трусики-треугольник aID: 4303 Цвет: синий васелек/желтый Размер: M, ширина чашки 15 см., трусики треугольник aID: 4305 Цвет: сирень/фуксия Размер: S, ширина чашки 11 см., трусики-стринг ;DressToUndress;N10-D2U;2350.00;1175.00;0;0;3;M;зеленый лимон/черный;5050;;;;;http://feed.p5s.ru/images/small/0/small_4075.jpg;http://feed.p5s.ru/images/big/0/4075.jpg;http://feed.p5s.ru/images/big/0/4075-1.jpg;http://feed.p5s.ru/images/big/0/4075-2.jpg;;;
4075;Эротическая одежда;Купальники;Купальник Жара D2U;Купальник «Жара» гарантированно станет любимым пляжным нарядом каждой девушки. В нём совершенно всё: яркий цвет, оригинальная форма, приятная к телу ткань, озорные бантики на лямках. В этом купальнике так легко почувствовать себя в центре внимания окружающих. Купальник  Жара  сделан из высококачественной итальянской ткани. Трусики и топ купальника не имеют внутренних тканевых вставок и при намокании могут просвечиваться. Купальник «Жара» D2U состоит из топа и трусиков. Это ВЫСОКИЙ треугольный топ , средняя его высота 17 см. Девушкам с небольшой грудью, мы рекомендуем размер треугольников топа 7-9 см., максимум-11см.  Если у Вас большая грудь, рекомендуем размер топа от 13 см.   Размер: S,ширина чашки 13см,трусики - стринг  М,ширина чашки 15 см,трусики - треугольник  L,ширина чашки 17 см,трусики - треугольник  S,ширина чашки 11 см,трусики - стринг.  Цвет: красный / черный (кант)  синий василек / желтый (кант)  взбитыесливки /шоколад (кант)  сирень /фуксия (кант).  Состав: 20% спандекс, 80% нейлон.  aID: 5800 Цвет: аква/черный Размер: M, ширина чашки 9 см., трусики-треугольник aID: 4304 Цвет: Взбитые сливки/Шоколад Размер: L, ширина чашки 17 см., трусики треугольник aID: 5052 Цвет: желтый Размер: M, ширина чашки 13 см., трусики-треугольник aID: 5053 Цвет: желтый Размер: S, ширина чашки 13 см, трусики-треугольник aID: 5054 Цвет: желтый Размер: L, ширина чашки 13 см, треугольник aID: 5050 Цвет: зеленый лимон/черный Размер: M, ширина чашки 13 см., трусики-треугольник aID: 5049 Цвет: зеленый лимон/черный Размер: S, ширина чашки 13 см, трусики-треугольник aID: 5051 Цвет: зеленый лимон/черный Размер: L, ширина чашки 13 см, треугольник aID: 4302 Цвет: красный с черным Размер: S, ширина чашки 13 см., трусики-стринг aID: 5046 Цвет: синий васелек/желтый Размер: S, ширина чашки 15 см., трусики-треугольник aID: 4303 Цвет: синий васелек/желтый Размер: M, ширина чашки 15 см., трусики треугольник aID: 4305 Цвет: сирень/фуксия Размер: S, ширина чашки 11 см., трусики-стринг ;DressToUndress;N10-D2U;2350.00;1175.00;0;0;3;L;зеленый лимон/черный;5051;;;;;http://feed.p5s.ru/images/small/0/small_4075.jpg;http://feed.p5s.ru/images/big/0/4075.jpg;http://feed.p5s.ru/images/big/0/4075-1.jpg;http://feed.p5s.ru/images/big/0/4075-2.jpg;;;
4075;Эротическая одежда;Купальники;Купальник Жара D2U;Купальник «Жара» гарантированно станет любимым пляжным нарядом каждой девушки. В нём совершенно всё: яркий цвет, оригинальная форма, приятная к телу ткань, озорные бантики на лямках. В этом купальнике так легко почувствовать себя в центре внимания окружающих. Купальник  Жара  сделан из высококачественной итальянской ткани. Трусики и топ купальника не имеют внутренних тканевых вставок и при намокании могут просвечиваться. Купальник «Жара» D2U состоит из топа и трусиков. Это ВЫСОКИЙ треугольный топ , средняя его высота 17 см. Девушкам с небольшой грудью, мы рекомендуем размер треугольников топа 7-9 см., максимум-11см.  Если у Вас большая грудь, рекомендуем размер топа от 13 см.   Размер: S,ширина чашки 13см,трусики - стринг  М,ширина чашки 15 см,трусики - треугольник  L,ширина чашки 17 см,трусики - треугольник  S,ширина чашки 11 см,трусики - стринг.  Цвет: красный / черный (кант)  синий василек / желтый (кант)  взбитыесливки /шоколад (кант)  сирень /фуксия (кант).  Состав: 20% спандекс, 80% нейлон.  aID: 5800 Цвет: аква/черный Размер: M, ширина чашки 9 см., трусики-треугольник aID: 4304 Цвет: Взбитые сливки/Шоколад Размер: L, ширина чашки 17 см., трусики треугольник aID: 5052 Цвет: желтый Размер: M, ширина чашки 13 см., трусики-треугольник aID: 5053 Цвет: желтый Размер: S, ширина чашки 13 см, трусики-треугольник aID: 5054 Цвет: желтый Размер: L, ширина чашки 13 см, треугольник aID: 5050 Цвет: зеленый лимон/черный Размер: M, ширина чашки 13 см., трусики-треугольник aID: 5049 Цвет: зеленый лимон/черный Размер: S, ширина чашки 13 см, трусики-треугольник aID: 5051 Цвет: зеленый лимон/черный Размер: L, ширина чашки 13 см, треугольник aID: 4302 Цвет: красный с черным Размер: S, ширина чашки 13 см., трусики-стринг aID: 5046 Цвет: синий васелек/желтый Размер: S, ширина чашки 15 см., трусики-треугольник aID: 4303 Цвет: синий васелек/желтый Размер: M, ширина чашки 15 см., трусики треугольник aID: 4305 Цвет: сирень/фуксия Размер: S, ширина чашки 11 см., трусики-стринг ;DressToUndress;N10-D2U;2350.00;1175.00;0;0;3;M;желтый;5052;;;;;http://feed.p5s.ru/images/small/0/small_4075.jpg;http://feed.p5s.ru/images/big/0/4075.jpg;http://feed.p5s.ru/images/big/0/4075-1.jpg;http://feed.p5s.ru/images/big/0/4075-2.jpg;;;
4075;Эротическая одежда;Купальники;Купальник Жара D2U;Купальник «Жара» гарантированно станет любимым пляжным нарядом каждой девушки. В нём совершенно всё: яркий цвет, оригинальная форма, приятная к телу ткань, озорные бантики на лямках. В этом купальнике так легко почувствовать себя в центре внимания окружающих. Купальник  Жара  сделан из высококачественной итальянской ткани. Трусики и топ купальника не имеют внутренних тканевых вставок и при намокании могут просвечиваться. Купальник «Жара» D2U состоит из топа и трусиков. Это ВЫСОКИЙ треугольный топ , средняя его высота 17 см. Девушкам с небольшой грудью, мы рекомендуем размер треугольников топа 7-9 см., максимум-11см.  Если у Вас большая грудь, рекомендуем размер топа от 13 см.   Размер: S,ширина чашки 13см,трусики - стринг  М,ширина чашки 15 см,трусики - треугольник  L,ширина чашки 17 см,трусики - треугольник  S,ширина чашки 11 см,трусики - стринг.  Цвет: красный / черный (кант)  синий василек / желтый (кант)  взбитыесливки /шоколад (кант)  сирень /фуксия (кант).  Состав: 20% спандекс, 80% нейлон.  aID: 5800 Цвет: аква/черный Размер: M, ширина чашки 9 см., трусики-треугольник aID: 4304 Цвет: Взбитые сливки/Шоколад Размер: L, ширина чашки 17 см., трусики треугольник aID: 5052 Цвет: желтый Размер: M, ширина чашки 13 см., трусики-треугольник aID: 5053 Цвет: желтый Размер: S, ширина чашки 13 см, трусики-треугольник aID: 5054 Цвет: желтый Размер: L, ширина чашки 13 см, треугольник aID: 5050 Цвет: зеленый лимон/черный Размер: M, ширина чашки 13 см., трусики-треугольник aID: 5049 Цвет: зеленый лимон/черный Размер: S, ширина чашки 13 см, трусики-треугольник aID: 5051 Цвет: зеленый лимон/черный Размер: L, ширина чашки 13 см, треугольник aID: 4302 Цвет: красный с черным Размер: S, ширина чашки 13 см., трусики-стринг aID: 5046 Цвет: синий васелек/желтый Размер: S, ширина чашки 15 см., трусики-треугольник aID: 4303 Цвет: синий васелек/желтый Размер: M, ширина чашки 15 см., трусики треугольник aID: 4305 Цвет: сирень/фуксия Размер: S, ширина чашки 11 см., трусики-стринг ;DressToUndress;N10-D2U;2350.00;1175.00;0;0;3;S;желтый;5053;;;;;http://feed.p5s.ru/images/small/0/small_4075.jpg;http://feed.p5s.ru/images/big/0/4075.jpg;http://feed.p5s.ru/images/big/0/4075-1.jpg;http://feed.p5s.ru/images/big/0/4075-2.jpg;;;
111111;Эротическая одежда;Купальники;Купальник Жара D2U;Купальник «Жара» гарантированно станет любимым пляжным нарядом каждой девушки. В нём совершенно всё: яркий цвет, оригинальная форма, приятная к телу ткань, озорные бантики на лямках. В этом купальнике так легко почувствовать себя в центре внимания окружающих. Купальник  Жара  сделан из высококачественной итальянской ткани. Трусики и топ купальника не имеют внутренних тканевых вставок и при намокании могут просвечиваться. Купальник «Жара» D2U состоит из топа и трусиков. Это ВЫСОКИЙ треугольный топ , средняя его высота 17 см. Девушкам с небольшой грудью, мы рекомендуем размер треугольников топа 7-9 см., максимум-11см.  Если у Вас большая грудь, рекомендуем размер топа от 13 см.   Размер: S,ширина чашки 13см,трусики - стринг  М,ширина чашки 15 см,трусики - треугольник  L,ширина чашки 17 см,трусики - треугольник  S,ширина чашки 11 см,трусики - стринг.  Цвет: красный / черный (кант)  синий василек / желтый (кант)  взбитыесливки /шоколад (кант)  сирень /фуксия (кант).  Состав: 20% спандекс, 80% нейлон.  aID: 5800 Цвет: аква/черный Размер: M, ширина чашки 9 см., трусики-треугольник aID: 4304 Цвет: Взбитые сливки/Шоколад Размер: L, ширина чашки 17 см., трусики треугольник aID: 5052 Цвет: желтый Размер: M, ширина чашки 13 см., трусики-треугольник aID: 5053 Цвет: желтый Размер: S, ширина чашки 13 см, трусики-треугольник aID: 5054 Цвет: желтый Размер: L, ширина чашки 13 см, треугольник aID: 5050 Цвет: зеленый лимон/черный Размер: M, ширина чашки 13 см., трусики-треугольник aID: 5049 Цвет: зеленый лимон/черный Размер: S, ширина чашки 13 см, трусики-треугольник aID: 5051 Цвет: зеленый лимон/черный Размер: L, ширина чашки 13 см, треугольник aID: 4302 Цвет: красный с черным Размер: S, ширина чашки 13 см., трусики-стринг aID: 5046 Цвет: синий васелек/желтый Размер: S, ширина чашки 15 см., трусики-треугольник aID: 4303 Цвет: синий васелек/желтый Размер: M, ширина чашки 15 см., трусики треугольник aID: 4305 Цвет: сирень/фуксия Размер: S, ширина чашки 11 см., трусики-стринг ;DressToUndress;N10-D2U;2350.00;1175.00;0;0;3;L;желтый;5054;;;;;http://feed.p5s.ru/images/small/0/small_4075.jpg;http://feed.p5s.ru/images/big/0/4075.jpg;http://feed.p5s.ru/images/big/0/4075-1.jpg;http://feed.p5s.ru/images/big/0/4075-2.jpg;;;
4075;Эротическая одежда;Купальники;Купальник Жара D2U;Купальник «Жара» гарантированно станет любимым пляжным нарядом каждой девушки. В нём совершенно всё: яркий цвет, оригинальная форма, приятная к телу ткань, озорные бантики на лямках. В этом купальнике так легко почувствовать себя в центре внимания окружающих. Купальник  Жара  сделан из высококачественной итальянской ткани. Трусики и топ купальника не имеют внутренних тканевых вставок и при намокании могут просвечиваться. Купальник «Жара» D2U состоит из топа и трусиков. Это ВЫСОКИЙ треугольный топ , средняя его высота 17 см. Девушкам с небольшой грудью, мы рекомендуем размер треугольников топа 7-9 см., максимум-11см.  Если у Вас большая грудь, рекомендуем размер топа от 13 см.   Размер: S,ширина чашки 13см,трусики - стринг  М,ширина чашки 15 см,трусики - треугольник  L,ширина чашки 17 см,трусики - треугольник  S,ширина чашки 11 см,трусики - стринг.  Цвет: красный / черный (кант)  синий василек / желтый (кант)  взбитыесливки /шоколад (кант)  сирень /фуксия (кант).  Состав: 20% спандекс, 80% нейлон.  aID: 5800 Цвет: аква/черный Размер: M, ширина чашки 9 см., трусики-треугольник aID: 4304 Цвет: Взбитые сливки/Шоколад Размер: L, ширина чашки 17 см., трусики треугольник aID: 5052 Цвет: желтый Размер: M, ширина чашки 13 см., трусики-треугольник aID: 5053 Цвет: желтый Размер: S, ширина чашки 13 см, трусики-треугольник aID: 5054 Цвет: желтый Размер: L, ширина чашки 13 см, треугольник aID: 5050 Цвет: зеленый лимон/черный Размер: M, ширина чашки 13 см., трусики-треугольник aID: 5049 Цвет: зеленый лимон/черный Размер: S, ширина чашки 13 см, трусики-треугольник aID: 5051 Цвет: зеленый лимон/черный Размер: L, ширина чашки 13 см, треугольник aID: 4302 Цвет: красный с черным Размер: S, ширина чашки 13 см., трусики-стринг aID: 5046 Цвет: синий васелек/желтый Размер: S, ширина чашки 15 см., трусики-треугольник aID: 4303 Цвет: синий васелек/желтый Размер: M, ширина чашки 15 см., трусики треугольник aID: 4305 Цвет: сирень/фуксия Размер: S, ширина чашки 11 см., трусики-стринг ;DressToUndress;N10-D2U;2350.00;1175.00;0;0;3;M;аква/черный;5800;;;;;http://feed.p5s.ru/images/small/0/small_4075.jpg;http://feed.p5s.ru/images/big/0/4075.jpg;http://feed.p5s.ru/images/big/0/4075-1.jpg;http://feed.p5s.ru/images/big/0/4075-2.jpg;;;
4092;Эротическая одежда;Купальники;Купальник Флёр D2U (цветочек);Купальник «Флер» подчеркивает не только красоту женского тела, но и молодость своей хозяйки. Девушка в таком пляжном наряде выглядит особенно юной и невинной. Такой эффект обеспечивается благодаря интересному дизайну лифа и трусиков-стринг, а также яркому декору в виде цветов.  Оригинальный стильный микро купальник Флер. Как видите, его оригинальной особенностью являются цветочки на топе и на трусиках. Цвет купальника может быть только белым или черным. Таким образом, выделяться будет только цветочек. В таком купальнике Ваше появление на пляже не останется незамеченным!   Размер: М, полнота чашки - В,трусики стринг без завязок.  Цвет: черный / фуксия (цветок).  Состав: 20%спандекс, 80% нейлон.  aID: 4343 Цвет: черный/фуксия Размер: M, (бюст В)/М стринг без завязок aID: 4743 Цвет: черный/фуксия Размер: L (бюст С)/L, трусики-стриг aID: 4742 Цвет: черный/фуксия Размер: S (бюст А)/S, трусики-стринг;DressToUndress;E5.061O;2350.00;1175.00;0;0;3;M;черный с розовым;4343;;;;;http://feed.p5s.ru/images/small/0/small_4092.jpg;http://feed.p5s.ru/images/big/0/4092.jpg;http://feed.p5s.ru/images/big/0/4092-1.jpg;http://feed.p5s.ru/images/big/0/4092-2.jpg;;;
6546546;Эротическая одежда;Купальники;Купальник Флёр D2U (цветочек);Купальник «Флер» подчеркивает не только красоту женского тела, но и молодость своей хозяйки. Девушка в таком пляжном наряде выглядит особенно юной и невинной. Такой эффект обеспечивается благодаря интересному дизайну лифа и трусиков-стринг, а также яркому декору в виде цветов.  Оригинальный стильный микро купальник Флер. Как видите, его оригинальной особенностью являются цветочки на топе и на трусиках. Цвет купальника может быть только белым или черным. Таким образом, выделяться будет только цветочек. В таком купальнике Ваше появление на пляже не останется незамеченным!   Размер: М, полнота чашки - В,трусики стринг без завязок.  Цвет: черный / фуксия (цветок).  Состав: 20%спандекс, 80% нейлон.  aID: 4343 Цвет: черный/фуксия Размер: M, (бюст В)/М стринг без завязок aID: 4743 Цвет: черный/фуксия Размер: L (бюст С)/L, трусики-стриг aID: 4742 Цвет: черный/фуксия Размер: S (бюст А)/S, трусики-стринг;DressToUndress;E5.061O;2350.00;1175.00;0;0;3;S;черный с розовым;4742;;;;;http://feed.p5s.ru/images/small/0/small_4092.jpg;http://feed.p5s.ru/images/big/0/4092.jpg;http://feed.p5s.ru/images/big/0/4092-1.jpg;http://feed.p5s.ru/images/big/0/4092-2.jpg;;;
4092;Эротическая одежда;Купальники;Купальник Флёр D2U (цветочек);Купальник «Флер» подчеркивает не только красоту женского тела, но и молодость своей хозяйки. Девушка в таком пляжном наряде выглядит особенно юной и невинной. Такой эффект обеспечивается благодаря интересному дизайну лифа и трусиков-стринг, а также яркому декору в виде цветов.  Оригинальный стильный микро купальник Флер. Как видите, его оригинальной особенностью являются цветочки на топе и на трусиках. Цвет купальника может быть только белым или черным. Таким образом, выделяться будет только цветочек. В таком купальнике Ваше появление на пляже не останется незамеченным!   Размер: М, полнота чашки - В,трусики стринг без завязок.  Цвет: черный / фуксия (цветок).  Состав: 20%спандекс, 80% нейлон.  aID: 4343 Цвет: черный/фуксия Размер: M, (бюст В)/М стринг без завязок aID: 4743 Цвет: черный/фуксия Размер: L (бюст С)/L, трусики-стриг aID: 4742 Цвет: черный/фуксия Размер: S (бюст А)/S, трусики-стринг;DressToUndress;E5.061O;2350.00;1175.00;0;0;3;L;черный с розовым;4743;;;;;http://feed.p5s.ru/images/small/0/small_4092.jpg;http://feed.p5s.ru/images/big/0/4092.jpg;http://feed.p5s.ru/images/big/0/4092-1.jpg;http://feed.p5s.ru/images/big/0/4092-2.jpg;;;
4109;Приятные мелочи;Эротические игры;Эротическая игра фанты-флирт №3  «Тет-а-Тет»;Игра ТЕТ-А-ТЕТ: с ней вы запросто сблизитесь с новым партнером, выкинув из головы ненужные комплексы.  Были в вашей жизни случаи, когда не получалось заманить в постель того, кто по-настоящему приглянулся? Предложить было неудобно, повода не найти, возникали сомнения, что партнер согласится, а то и опасения, что обвинит вас в  домогательстве.   Вот для таких-то ситуаций эта игра и предназначена. Ведь независимо от того, мужчина вы или женщина, очень часто все эти барьеры — надуманные, и все, что на самом деле нужно, это расслабиться и играть.   Игра нужна тем, кто: — не знает, как перейти от знакомства к интимным отношениям  — не может найти повода предложить потенциальному партнеру близость  — стесняется затащить понравившуюся особу противоположного пола в кровать  — хочет иметь под рукой удобную и эффективную методику заманивания в постель нового партнера.    ТЕТ-А-ТЕТ — эротическая игра-технология. По очереди выполняя включенные в нее задания, вы сами не заметите, как окажетесь под одним одеялом.  При этом вы сами принимаете решение до какой стадии хотите играть, но в том, что игра в любом случае  будет по-настоящему заводной, нет никаких сомнений.  Игра ТЕТ-А-ТЕТ включает 48 карточек-фантов с необычайно увлекательными игровыми заданиями, а так же фишку для проведения жеребьевок. ;Фанты;Тет-а-Тет  - флирт №3;836.00;418.00;1;3;1;;;4387;;;картонная коробка;114;http://feed.p5s.ru/images/small/0/small_4109.jpg;http://feed.p5s.ru/images/big/0/4109.jpg;;;;;4,62E+12
4110;Приятные мелочи;Эротические игры;Эротическая игра фанты-флирт №1 «Кофе-Брейк»;Игра КОФЕ-БРЭЙК  – необычайно эффективная и простая методика  знакомства, включающая готовый  сценарий первого свидания.  Эта игра-сценарий даст игра-сценарий дает уникальную возможность познакомиться, а затем комфортно и эффективно провести первое свидание, независимо от того, кто инициатор встречи — мужчина или женщина.   Комфортно, это значит, не комплексуя, не смущаясь, не думая, о чем говорить или как подступиться к понравившейся особе ближе. Эффективно, это значит в любом случае весело, а также — не особо затягивая.   Игра нужна тем, кто: — испытывает сложности при желании познакомиться  — ищет готовый сценарий первого свидания  — скован, но мечтает избавиться от комплексов  — ищет повод для встречи или ненавязчивого знакомства   — хочет иметь под рукой сценарий приятного времяпровождения.  По сути, Фанты — это удобная, простая и надежная технология, позволяющая снять проблемы личностного и психологического плана в общении с противоположным полом: раскрепоститься, снять зажатость, чувствовать себя легко и непринужденно. Игра КОФЕ-БРЭЙК включает:  - восемь простых и эффективных методик знакомства в любом месте   - сорок фантов – карточек с необычайно увлекательными игровыми заданиями   - фишку для проведения жеребьевок. ;Фанты;Кофе-Брейк - флирт №1;836.00;418.00;1;4;1;;;4388;;;картонная коробка;114;http://feed.p5s.ru/images/small/0/small_4110.jpg;http://feed.p5s.ru/images/big/0/4110.jpg;http://feed.p5s.ru/images/big/0/4110-1.jpg;;;;4,62E+12
4111;Приятные мелочи;Эротические игры;Эротическая игра фанты-флирт №2  «Шуры-Муры»;Игра ШУРЫ-МУРЫ:  с ней вы быстро и  легко сможете закрутить новый роман, устроив свидание наедине.  Эта игра-сценарий — увлекательная методика ненавязчивого и непринужденного сближения для недавно познакомившейся пары, независимо от того, кто инициатор этого — мужчина или женщина.   Ненавязчивого, это значит без мучительного выдумывания повода остаться наедине и без неуклюжих домогательств.  Непринужденного, это значит, не смущаясь, естественно и весело, так, как будто попробовать узнать друг друга ближе — само собой разумеющееся дело.   Игра нужна тем, кто: — не знает, как перейти от знакомства к сближению  — ищет эффективный сценарий свидания наедине  — стеснителен и желает избавиться от нерешительности  — ищет повод для того, чтобы остаться вдвоем   — хочет иметь под рукой оригинальную и ненавязчивую методику сближения.  ШУРЫ-МУРЫ — это тонко продуманная, простая и эффективная игра-технология, позволяющая снять психологические проблемы при общении с противоположным полом: раскрепоститься и снять зажатость, чувствовать себя легко и свободно. Игра ШУРЫ-МУРЫ включает 48 карточек-фантов с необычайно увлекательными игровыми заданиями, а так же  фишку для проведения жеребьевок.;Фанты;Шуры-Муры - флирт №2;836.00;418.00;1;1;1;;;4389;;;картонная коробка;114;http://feed.p5s.ru/images/small/0/small_4111.jpg;http://feed.p5s.ru/images/big/0/4111.jpg;http://feed.p5s.ru/images/big/0/4111-1.jpg;;;;4,62E+12
4112;BDSM, садо-мазо товары;Интимные украшения;Зажим на половые губы CLEOPATRA с красными камнями;В момент, когда ваш сексуальный партнёр увидит это украшение на вас, его пронзит дикое возбуждение!  А как по-другому, когда перед тобой обнажённая женщина, клитор которой венчает зажим и два ряда коралловых бусин?  Чудесная и такая сексуальная для любого мужчины картинка, как ни крути!  На зажиме две нитки по 4 бусинки диаметром 0,4 см каждая.;California Exotic Novelties;SE-2621-11-2;954.00;454.35;0;0;3;;;4392;металл;;блистер;;http://feed.p5s.ru/images/small/0/small_4112.jpg;http://feed.p5s.ru/images/big/0/4112.jpg;http://feed.p5s.ru/images/big/0/4112-1.jpg;http://feed.p5s.ru/images/big/0/4112-2.jpg;;;7,17E+11
4119;Анальные игрушки;Анальные шарики, цепочки;Розовая анальная цепочка из 10 шариков - 25 см.;Введение в анус этой цепочки, состоящей из 10 шариков разного размера на гибкой сцепке, сулит вам массу наслаждения.  Один за другим они будут проникать в попку всё глубже и расширять её стеночки всё сильней!  Воспользовавшись ручкой-кольцом, вам удастся с лёгкостью управлять цепочкой, а значит, контролировать и скорость приближения оргазма! ;ToyFa;881302-3;517.00;191.52;1;84;2;;розовый;4801;поливинилхлорид (ПВХ, PVC);;блистер;108;http://feed.p5s.ru/images/small/0/small_4119.jpg;http://feed.p5s.ru/images/big/0/4119.jpg;;;;;4,62E+12
